USE P2014_BDTestFrancois
GO

/**************************************** Reservation ************************************************************/

PRINT('Chargement Reservation.tblPays')
GO
INSERT INTO Reservation.tblPays VALUES ('CAN', 'Canada')
INSERT INTO Reservation.tblPays VALUES ('USA','États-Unis')
GO


PRINT('Chargement Reservation.tblProvince')
GO
INSERT INTO Reservation.tblProvince VALUES ('QC', 'Québec', 'CAN')
INSERT INTO Reservation.tblProvince VALUES ('AB', 'Alberta', 'CAN')
INSERT INTO Reservation.tblProvince VALUES ('BC', 'Colombie-Britannique', 'CAN')
INSERT INTO Reservation.tblProvince VALUES ('PE', 'île-Du-Prince-Edouard', 'CAN')
INSERT INTO Reservation.tblProvince VALUES ('MB', 'Manitoba', 'CAN')
INSERT INTO Reservation.tblProvince VALUES ('NB', 'Nouveau-Brunswick', 'CAN')
INSERT INTO Reservation.tblProvince VALUES ('NS', 'Nouvelle-Ecosse', 'CAN')
INSERT INTO Reservation.tblProvince VALUES ('ON', 'Ontario', 'CAN')
INSERT INTO Reservation.tblProvince VALUES ('SK', 'Saskatchewan', 'CAN')
INSERT INTO Reservation.tblProvince VALUES ('NL', 'Terre-Neuve-Et-Labrador', 'CAN')
GO


PRINT('Chargement Reservation.tblVille')
GO
INSERT INTO Reservation.tblVille VALUES ('MRL', 'Montréal','QC')
INSERT INTO Reservation.tblVille VALUES ('QBC', 'Québec','QC')
INSERT INTO Reservation.tblVille VALUES ('PRC', 'Percé','QC')
INSERT INTO Reservation.tblVille VALUES ('LMB', 'La Malbaie','QC')
INSERT INTO Reservation.tblVille VALUES ('SHB', 'Sherbrooke','QC')
INSERT INTO Reservation.tblVille VALUES ('MCT', 'Mocton','NB')
INSERT INTO Reservation.tblVille VALUES ('BTS', 'Bathurst','NB')
INSERT INTO Reservation.tblVille VALUES ('TDS', 'Tracadie-Sheila','NB')
GO



PRINT('Chargement Reservation.tblHotel')
GO
INSERT INTO Reservation.tblHotel VALUES ('HMR', 'Hôtel du Mont royal', 400, '2615 rue du mont royal', 4, 'Estival', 'MRL')
INSERT INTO Reservation.tblHotel VALUES ('HJC', 'Hôtel Jacques Cartier', 400, '2736 rue Victoria', 4, 'Estival', 'MRL')
INSERT INTO Reservation.tblHotel VALUES ('HDC', 'Hôtel de Champlain', 300, '2482 rue Georges', 3, 'Estival', 'MRL')
INSERT INTO Reservation.tblHotel VALUES ('HSA', 'Hôtel Sainte Anne', 300, '3526 rue de la cathédrale', 4, 'Estival-Hivernal', 'QBC')
INSERT INTO Reservation.tblHotel VALUES ('HDT', 'Hôtel des titans', 250, '3762 rue Pégase', 3, 'Hivernal', 'PRC')
INSERT INTO Reservation.tblHotel VALUES ('HDB', 'Hôtel des bleuts', 150, '4762 rue des vendanges', 2, 'Esival', 'LMB')
INSERT INTO Reservation.tblHotel VALUES ('HME', 'Hôtel Marie-Eve', 300, '4652 rue des canaries', 3, 'Estival', 'SHB')
INSERT INTO Reservation.tblHotel VALUES ('HBE', 'Hôtel des bois enchantés', 150, '2411 rue des contes', 3, 'Estival', 'MCT')
INSERT INTO Reservation.tblHotel VALUES ('HGC', 'Hôtel gotham city', 250, '3625 rue Joker', 4, 'Hivernal', 'BTS')
INSERT INTO Reservation.tblHotel VALUES ('HRN', 'Hôtel Rouge et Noir', 300, '1927 rue de la chanson', 3, 'Estival', 'TDS')
GO


PRINT('Chargement Reservation.tblSalle')
GO
INSERT INTO Reservation.tblSalle (codeSalle, nomSalle, typeSalle, statutSalle, detailSalle, nbPlacesAssis, nbPlacesDebout, codeHotel) VALUES('FRB','Francois-Brassard','Auditorium',NULL,'description here',1000,2000,'HMR')
INSERT INTO Reservation.tblSalle (codeSalle, nomSalle, typeSalle, statutSalle, detailSalle, nbPlacesAssis, nbPlacesDebout, codeHotel) VALUES('BRM','Bruno-Montour','Conférence',NULL,'description here',1000,2000,'HJC')
INSERT INTO Reservation.tblSalle (codeSalle, nomSalle, typeSalle, statutSalle, detailSalle, nbPlacesAssis, nbPlacesDebout, codeHotel) VALUES('HYQ','Hydro-Quebec','Conférence',NULL,'description here',1000,2000,'HDC')
INSERT INTO Reservation.tblSalle (codeSalle, nomSalle, typeSalle, statutSalle, detailSalle, nbPlacesAssis, nbPlacesDebout, codeHotel) VALUES('JED','Jean-Despré','Théatre',NULL,'description here',1000,2000,'HSA')
INSERT INTO Reservation.tblSalle (codeSalle, nomSalle, typeSalle, statutSalle, detailSalle, nbPlacesAssis, nbPlacesDebout, codeHotel) VALUES('ANT','Antonio-Thompson','Auditorium',NULL,'description here',1000,2000,'HDT')
INSERT INTO Reservation.tblSalle (codeSalle, nomSalle, typeSalle, statutSalle, detailSalle, nbPlacesAssis, nbPlacesDebout, codeHotel) VALUES('EDB','Edwin-Bélanger','Conférence',NULL,'description here',1000,2000,'HDB')
INSERT INTO Reservation.tblSalle (codeSalle, nomSalle, typeSalle, statutSalle, detailSalle, nbPlacesAssis, nbPlacesDebout, codeHotel) VALUES('FEC','Fernand-Charest','Auditorium',NULL,'description here',1000,2000,'HME')
INSERT INTO Reservation.tblSalle (codeSalle, nomSalle, typeSalle, statutSalle, detailSalle, nbPlacesAssis, nbPlacesDebout, codeHotel) VALUES('ALR','Albert-Rousseau','Théatre',NULL,'description here',1000,2000,'HBE')
INSERT INTO Reservation.tblSalle (codeSalle, nomSalle, typeSalle, statutSalle, detailSalle, nbPlacesAssis, nbPlacesDebout, codeHotel) VALUES('ANM','André-Mathieu','Théatre',NULL,'description here',1000,2000,'HGC')
INSERT INTO Reservation.tblSalle (codeSalle, nomSalle, typeSalle, statutSalle, detailSalle, nbPlacesAssis, nbPlacesDebout, codeHotel) VALUES('ANP','André-Prévost','Conférence',NULL,'description here',1000,2000,'HRN')
INSERT INTO Reservation.tblSalle (codeSalle, nomSalle, typeSalle, statutSalle, detailSalle, nbPlacesAssis, nbPlacesDebout, codeHotel) VALUES('SAD','Saint-Denis','Auditorium',NULL,'description here',1000,2000,'HMR')
INSERT INTO Reservation.tblSalle (codeSalle, nomSalle, typeSalle, statutSalle, detailSalle, nbPlacesAssis, nbPlacesDebout, codeHotel) VALUES('PIP','Pierre-Péladeau','Conférence',NULL,'description here',1000,2000,'HJC')
INSERT INTO Reservation.tblSalle (codeSalle, nomSalle, typeSalle, statutSalle, detailSalle, nbPlacesAssis, nbPlacesDebout, codeHotel) VALUES('PIM','Pierre-Mercure','Auditorium',NULL,'description here',1000,2000,'HDC')
INSERT INTO Reservation.tblSalle (codeSalle, nomSalle, typeSalle, statutSalle, detailSalle, nbPlacesAssis, nbPlacesDebout, codeHotel) VALUES('SAF','Saint-Fabien','Conférence',NULL,'description here',1000,2000,'HSA')
INSERT INTO Reservation.tblSalle (codeSalle, nomSalle, typeSalle, statutSalle, detailSalle, nbPlacesAssis, nbPlacesDebout, codeHotel) VALUES('SAS','Saint-Sauveur','Théatre',NULL,'description here',1000,2000,'HDT')
INSERT INTO Reservation.tblSalle (codeSalle, nomSalle, typeSalle, statutSalle, detailSalle, nbPlacesAssis, nbPlacesDebout, codeHotel) VALUES('ALB','Albert-Dumouchel','Auditorium',NULL,'description here',1000,2000,'HDB')
INSERT INTO Reservation.tblSalle (codeSalle, nomSalle, typeSalle, statutSalle, detailSalle, nbPlacesAssis, nbPlacesDebout, codeHotel) VALUES('GIG','Gilles-Carle','Théatre',NULL,'description here',1000,2000,'HME')
INSERT INTO Reservation.tblSalle (codeSalle, nomSalle, typeSalle, statutSalle, detailSalle, nbPlacesAssis, nbPlacesDebout, codeHotel) VALUES('ANA','Anais-Allard','Conférence',NULL,'description here',1000,2000,'HBE')
INSERT INTO Reservation.tblSalle (codeSalle, nomSalle, typeSalle, statutSalle, detailSalle, nbPlacesAssis, nbPlacesDebout, codeHotel) VALUES('MAO','Maurice-OBready','Auditorium',NULL,'description here',1000,2000,'HGC')
INSERT INTO Reservation.tblSalle (codeSalle, nomSalle, typeSalle, statutSalle, detailSalle, nbPlacesAssis, nbPlacesDebout, codeHotel) VALUES('MAD','Marcel-Dulude','Théatre',NULL,'description here',1000,2000,'HRN')
GO


PRINT('Chargement Reservation.tblClient')
GO
INSERT INTO Reservation.tblClient (NomClient,PrenomClient,NoTelephone,AdresseClient,EmailClient) VALUES ('Shannon','Orla','418-213-5647','1234RueShaoinigan','duperetommy@outlook.com')
INSERT INTO Reservation.tblClient (NomClient,PrenomClient,NoTelephone,AdresseClient,EmailClient) VALUES ('Odonnell','Ivana','418-789-5462','1234RueShaoinigan','montpetitmichel@outlook.com')
INSERT INTO Reservation.tblClient (NomClient,PrenomClient,NoTelephone,AdresseClient,EmailClient) VALUES ('Matthews','Uriel','418-987-4565','1234RueDeLamour','larouchenicolas@outlook.com')
INSERT INTO Reservation.tblClient (NomClient,PrenomClient,NoTelephone,AdresseClient,EmailClient) VALUES ('Guy','Elton','418-731-1234','1234RueDeLaMairie','larouchenicolas@outlook.com')
INSERT INTO Reservation.tblClient (NomClient,PrenomClient,NoTelephone,AdresseClient,EmailClient) VALUES ('Allison','Kelsey','418-789-5462','1234RueDeLamour','simardbob@outlook.com')
INSERT INTO Reservation.tblClient (NomClient,PrenomClient,NoTelephone,AdresseClient,EmailClient) VALUES ('Mcdowell','Garrison','418-731-1234','1234RueDeLamour','larouchenicolas@outlook.com')
INSERT INTO Reservation.tblClient (NomClient,PrenomClient,NoTelephone,AdresseClient,EmailClient) VALUES ('Perez','Byron','418-987-4565','1234RueShaoinigan','bouchervincent@outlook.com')
INSERT INTO Reservation.tblClient (NomClient,PrenomClient,NoTelephone,AdresseClient,EmailClient) VALUES ('Rodriguez','Isabella','418-412-3652','1234RueDeLamour','larouchedom@outlook.com')
INSERT INTO Reservation.tblClient (NomClient,PrenomClient,NoTelephone,AdresseClient,EmailClient) VALUES ('Ewing','Aspen','418-213-5647','1234RueHorlogerie','nerongabriel@outlook.com')
INSERT INTO Reservation.tblClient (NomClient,PrenomClient,NoTelephone,AdresseClient,EmailClient) VALUES ('Kidd','Hilda','418-213-5647','1234RueAnglaise','duperetommy@outlook.com')
INSERT INTO Reservation.tblClient (NomClient,PrenomClient,NoTelephone,AdresseClient,EmailClient) VALUES ('Travis','Christopher','418-213-5647','1234RueWhoCares','bouchervincent@outlook.com')
INSERT INTO Reservation.tblClient (NomClient,PrenomClient,NoTelephone,AdresseClient,EmailClient) VALUES ('Gamble','Michelle','418-731-1234','1234RueDeLamour','bouchervincent@outlook.com')
INSERT INTO Reservation.tblClient (NomClient,PrenomClient,NoTelephone,AdresseClient,EmailClient) VALUES ('Knox','Amity','418-987-4565','1234RueHorlogerie','rollinkevin@outlook.com')
INSERT INTO Reservation.tblClient (NomClient,PrenomClient,NoTelephone,AdresseClient,EmailClient) VALUES ('Todd','Stone','418-412-3652','1234RueChampsElysee','nerongabriel@outlook.com')
INSERT INTO Reservation.tblClient (NomClient,PrenomClient,NoTelephone,AdresseClient,EmailClient) VALUES ('Mullen','Wayne','418-731-1234','1234RueWhoCares','rollinkevin@outlook.com')
INSERT INTO Reservation.tblClient (NomClient,PrenomClient,NoTelephone,AdresseClient,EmailClient) VALUES ('Simon','Graiden','418-412-3652','1234RueWhoCares','larouchedom@outlook.com')
INSERT INTO Reservation.tblClient (NomClient,PrenomClient,NoTelephone,AdresseClient,EmailClient) VALUES ('Cline','Sheila','418-987-4565','1234RueChampsElysee','honorinesebastien@outlook.com')
INSERT INTO Reservation.tblClient (NomClient,PrenomClient,NoTelephone,AdresseClient,EmailClient) VALUES ('Hernandez','Levi','418-412-3652','1234RueShaoinigan','honorinesebastien@outlook.com')
INSERT INTO Reservation.tblClient (NomClient,PrenomClient,NoTelephone,AdresseClient,EmailClient) VALUES ('Booker','Colt','418-731-1234','1234RueChampsElysee','savarddavid@outlook.com')
INSERT INTO Reservation.tblClient (NomClient,PrenomClient,NoTelephone,AdresseClient,EmailClient) VALUES ('Pena','Justin','418-213-5647','1234RueShaoinigan','rollinkevin@outlook.com')
INSERT INTO Reservation.tblClient (NomClient,PrenomClient,NoTelephone,AdresseClient,EmailClient) VALUES ('Townsend','Madonna','418-412-3652','1234RueAvenueNord','honorinesebastien@outlook.com')
INSERT INTO Reservation.tblClient (NomClient,PrenomClient,NoTelephone,AdresseClient,EmailClient) VALUES ('Dodson','Genevieve','418-987-4565','1234RueDeLaMairie','honorinesebastien@outlook.com')
INSERT INTO Reservation.tblClient (NomClient,PrenomClient,NoTelephone,AdresseClient,EmailClient) VALUES ('Matthews','Alan','418-987-4565','1234RueEugene','bouchervincent@outlook.com')
INSERT INTO Reservation.tblClient (NomClient,PrenomClient,NoTelephone,AdresseClient,EmailClient) VALUES ('Fields','Whitney','418-731-1234','1234RueEugene','tremblaymarc@outlook.com')
INSERT INTO Reservation.tblClient (NomClient,PrenomClient,NoTelephone,AdresseClient,EmailClient) VALUES ('Barrera','Gillian','418-731-1234','1234RueDeLamour','honorinesebastien@outlook.com')
INSERT INTO Reservation.tblClient (NomClient,PrenomClient,NoTelephone,AdresseClient,EmailClient) VALUES ('Whitehead','Olga','418-789-5462','1234RueEugene','nerongabriel@outlook.com')
INSERT INTO Reservation.tblClient (NomClient,PrenomClient,NoTelephone,AdresseClient,EmailClient) VALUES ('Petty','Kamal','418-731-1234','1234RueShaoinigan','simardbob@outlook.com')
INSERT INTO Reservation.tblClient (NomClient,PrenomClient,NoTelephone,AdresseClient,EmailClient) VALUES ('Houston','Neve','418-789-5462','1234RueWhoCares','bouchervincent@outlook.com')
INSERT INTO Reservation.tblClient (NomClient,PrenomClient,NoTelephone,AdresseClient,EmailClient) VALUES ('Haney','Wilma','418-789-5462','1234RueDeLaMairie','larouchenicolas@outlook.com')
INSERT INTO Reservation.tblClient (NomClient,PrenomClient,NoTelephone,AdresseClient,EmailClient) VALUES ('Gonzales','Tatum','418-412-3652','1234RueWhoCares','tremblaymarc@outlook.com')
INSERT INTO Reservation.tblClient (NomClient,PrenomClient,NoTelephone,AdresseClient,EmailClient) VALUES ('Reyes','Hakeem','418-731-1234','1234RueDeLaMairie','savarddavid@outlook.com')
INSERT INTO Reservation.tblClient (NomClient,PrenomClient,NoTelephone,AdresseClient,EmailClient) VALUES ('Salazar','Blaze','418-789-5462','1234RueDeLamour','bouchervincent@outlook.com')
INSERT INTO Reservation.tblClient (NomClient,PrenomClient,NoTelephone,AdresseClient,EmailClient) VALUES ('Wilson','Justina','418-789-5462','1234RueDeLaMairie','duperetommy@outlook.com')
INSERT INTO Reservation.tblClient (NomClient,PrenomClient,NoTelephone,AdresseClient,EmailClient) VALUES ('Case','Oscar','418-213-5647','1234RueEugene','tremblayantoine@outlook.com')
INSERT INTO Reservation.tblClient (NomClient,PrenomClient,NoTelephone,AdresseClient,EmailClient) VALUES ('Randall','Gavin','418-789-5462','1234RueEugene','tremblaymarc@outlook.com')
INSERT INTO Reservation.tblClient (NomClient,PrenomClient,NoTelephone,AdresseClient,EmailClient) VALUES ('Whitney','Avram','418-987-4565','1234RueWhoCares','montpetitmichel@outlook.com')
INSERT INTO Reservation.tblClient (NomClient,PrenomClient,NoTelephone,AdresseClient,EmailClient) VALUES ('Bartlett','Logan','418-789-5462','1234RueWhoCares','larouchenicolas@outlook.com')
INSERT INTO Reservation.tblClient (NomClient,PrenomClient,NoTelephone,AdresseClient,EmailClient) VALUES ('Padilla','Brooke','418-789-5462','1234RueAnglaise','tremblayantoine@outlook.com')
INSERT INTO Reservation.tblClient (NomClient,PrenomClient,NoTelephone,AdresseClient,EmailClient) VALUES ('Gilmore','Kaitlin','418-731-1234','1234RueWhoCares','larouchenicolas@outlook.com')
INSERT INTO Reservation.tblClient (NomClient,PrenomClient,NoTelephone,AdresseClient,EmailClient) VALUES ('Collins','James','418-789-5462','1234RueAnglaise','bouchervincent@outlook.com')
INSERT INTO Reservation.tblClient (NomClient,PrenomClient,NoTelephone,AdresseClient,EmailClient) VALUES ('Kerr','Virginia','418-987-4565','1234RueEugene','simardbob@outlook.com')
INSERT INTO Reservation.tblClient (NomClient,PrenomClient,NoTelephone,AdresseClient,EmailClient) VALUES ('Vance','Brent','418-731-1234','1234RueDeLaMairie','montpetitmichel@outlook.com')
INSERT INTO Reservation.tblClient (NomClient,PrenomClient,NoTelephone,AdresseClient,EmailClient) VALUES ('Norris','Ann','418-412-3652','1234RueWhoCares','tremblaymarc@outlook.com')
INSERT INTO Reservation.tblClient (NomClient,PrenomClient,NoTelephone,AdresseClient,EmailClient) VALUES ('Kennedy','Blaze','418-987-4565','1234RueAvenueNord','tremblaymarc@outlook.com')
INSERT INTO Reservation.tblClient (NomClient,PrenomClient,NoTelephone,AdresseClient,EmailClient) VALUES ('Rojas','Amanda','418-412-3652','1234RueChampsElysee','duperetommy@outlook.com')
INSERT INTO Reservation.tblClient (NomClient,PrenomClient,NoTelephone,AdresseClient,EmailClient) VALUES ('Anderson','Isabelle','418-789-5462','1234RueDeLamour','honorinesebastien@outlook.com')
INSERT INTO Reservation.tblClient (NomClient,PrenomClient,NoTelephone,AdresseClient,EmailClient) VALUES ('Dorsey','Boris','418-789-5462','1234RueShaoinigan','coteguy@outlook.com')
INSERT INTO Reservation.tblClient (NomClient,PrenomClient,NoTelephone,AdresseClient,EmailClient) VALUES ('Foreman','Justine','418-789-5462','1234RueChampsElysee','larouchenicolas@outlook.com')
INSERT INTO Reservation.tblClient (NomClient,PrenomClient,NoTelephone,AdresseClient,EmailClient) VALUES ('Spencer','May','418-987-4565','1234RueDeLamour','larouchedom@outlook.com')
INSERT INTO Reservation.tblClient (NomClient,PrenomClient,NoTelephone,AdresseClient,EmailClient) VALUES ('Bowman','Jordan','418-789-5462','1234RueEugene','tremblaymarc@outlook.com')
INSERT INTO Reservation.tblClient (NomClient,PrenomClient,NoTelephone,AdresseClient,EmailClient) VALUES ('Hines','Rachel','418-412-3652','1234RueChampsElysee','duperetommy@outlook.com')
INSERT INTO Reservation.tblClient (NomClient,PrenomClient,NoTelephone,AdresseClient,EmailClient) VALUES ('Gill','Adara','418-987-4565','1234RueDescartes','larouchenicolas@outlook.com')
INSERT INTO Reservation.tblClient (NomClient,PrenomClient,NoTelephone,AdresseClient,EmailClient) VALUES ('Duffy','Hanna','418-412-3652','1234RueDeLaMairie','tremblaymarc@outlook.com')
INSERT INTO Reservation.tblClient (NomClient,PrenomClient,NoTelephone,AdresseClient,EmailClient) VALUES ('Higgins','Celeste','418-987-4565','1234RueChampsElysee','savarddavid@outlook.com')
INSERT INTO Reservation.tblClient (NomClient,PrenomClient,NoTelephone,AdresseClient,EmailClient) VALUES ('Fulton','Jescie','418-412-3652','1234RueChampsElysee','honorinesebastien@outlook.com')
INSERT INTO Reservation.tblClient (NomClient,PrenomClient,NoTelephone,AdresseClient,EmailClient) VALUES ('Yates','Scarlet','418-731-1234','1234RueShaoinigan','simardbob@outlook.com')
INSERT INTO Reservation.tblClient (NomClient,PrenomClient,NoTelephone,AdresseClient,EmailClient) VALUES ('Vasquez','Davis','418-789-5462','1234RueAnglaise','tremblayantoine@outlook.com')
INSERT INTO Reservation.tblClient (NomClient,PrenomClient,NoTelephone,AdresseClient,EmailClient) VALUES ('Hobbs','Forrest','418-731-1234','1234RueDeLamour','duperetommy@outlook.com')
INSERT INTO Reservation.tblClient (NomClient,PrenomClient,NoTelephone,AdresseClient,EmailClient) VALUES ('Estrada','Prescott','418-789-5462','1234RueDeLaMairie','larouchedom@outlook.com')
INSERT INTO Reservation.tblClient (NomClient,PrenomClient,NoTelephone,AdresseClient,EmailClient) VALUES ('Miles','Shelly','418-789-5462','1234RueWhoCares','larouchedom@outlook.com')
INSERT INTO Reservation.tblClient (NomClient,PrenomClient,NoTelephone,AdresseClient,EmailClient) VALUES ('Travis','Gareth','418-987-4565','1234RueDescartes','bouchervincent@outlook.com')
INSERT INTO Reservation.tblClient (NomClient,PrenomClient,NoTelephone,AdresseClient,EmailClient) VALUES ('Lester','Clio','418-412-3652','1234RueDeLaMairie','nerongabriel@outlook.com')
INSERT INTO Reservation.tblClient (NomClient,PrenomClient,NoTelephone,AdresseClient,EmailClient) VALUES ('Holman','Summer','418-213-5647','1234RueWhoCares','tremblaymarc@outlook.com')
INSERT INTO Reservation.tblClient (NomClient,PrenomClient,NoTelephone,AdresseClient,EmailClient) VALUES ('Berry','Brenda','418-213-5647','1234RueAnglaise','tremblayantoine@outlook.com')
INSERT INTO Reservation.tblClient (NomClient,PrenomClient,NoTelephone,AdresseClient,EmailClient) VALUES ('Oconnor','Calista','418-412-3652','1234RueDescartes','simardbob@outlook.com')
INSERT INTO Reservation.tblClient (NomClient,PrenomClient,NoTelephone,AdresseClient,EmailClient) VALUES ('Garner','Paloma','418-213-5647','1234RueDeLaMairie','rollinkevin@outlook.com')
INSERT INTO Reservation.tblClient (NomClient,PrenomClient,NoTelephone,AdresseClient,EmailClient) VALUES ('George','Alexandra','418-213-5647','1234RueShaoinigan','tremblayantoine@outlook.com')
GO


PRINT('Chargement Reservation.tblReservationSalle')
GO
INSERT INTO Reservation.tblReservationSalle (dateReservSalle,prixReservSalle,modePaiement,statutPaiement,nbPersonne,noCarteCredit,codeSalle,noSeqClient) VALUES('2014/01/01',500,'comptant',NULL,300,'1234567890123456','FRB',1000)
INSERT INTO Reservation.tblReservationSalle (dateReservSalle,prixReservSalle,modePaiement,statutPaiement,nbPersonne,noCarteCredit,codeSalle,noSeqClient) VALUES('2014/01/02',400,'chèque',NULL,300,'1234567890123457','BRM',1001)
INSERT INTO Reservation.tblReservationSalle (dateReservSalle,prixReservSalle,modePaiement,statutPaiement,nbPersonne,noCarteCredit,codeSalle,noSeqClient) VALUES('2014/01/03',300,'credit',NULL,300,'1234567890123458','HYQ',1002)
INSERT INTO Reservation.tblReservationSalle (dateReservSalle,prixReservSalle,modePaiement,statutPaiement,nbPersonne,noCarteCredit,codeSalle,noSeqClient) VALUES('2014/01/04',200,'comptant',NULL,300,'1234567890123459','JED',1003)
INSERT INTO Reservation.tblReservationSalle (dateReservSalle,prixReservSalle,modePaiement,statutPaiement,nbPersonne,noCarteCredit,codeSalle,noSeqClient) VALUES('2014/01/05',500,'chèque',NULL,300,'1234567890123450','ANT',1004)
INSERT INTO Reservation.tblReservationSalle (dateReservSalle,prixReservSalle,modePaiement,statutPaiement,nbPersonne,noCarteCredit,codeSalle,noSeqClient) VALUES('2014/01/06',400,'credit',NULL,300,'1234567890123451','EDB',1005)
INSERT INTO Reservation.tblReservationSalle (dateReservSalle,prixReservSalle,modePaiement,statutPaiement,nbPersonne,noCarteCredit,codeSalle,noSeqClient) VALUES('2014/01/07',300,'comptant',NULL,300,'1234567890123452','FEC',1006)
INSERT INTO Reservation.tblReservationSalle (dateReservSalle,prixReservSalle,modePaiement,statutPaiement,nbPersonne,noCarteCredit,codeSalle,noSeqClient) VALUES('2014/01/08',200,'chèque',NULL,300,'1234567890123453','ALR',1007)
INSERT INTO Reservation.tblReservationSalle (dateReservSalle,prixReservSalle,modePaiement,statutPaiement,nbPersonne,noCarteCredit,codeSalle,noSeqClient) VALUES('2014/01/09',500,'credit',NULL,300,'1234567890123454','ANM',1008)
INSERT INTO Reservation.tblReservationSalle (dateReservSalle,prixReservSalle,modePaiement,statutPaiement,nbPersonne,noCarteCredit,codeSalle,noSeqClient) VALUES('2014/01/10',400,'comptant',NULL,300,'1234567890123455','SAD',1009)
INSERT INTO Reservation.tblReservationSalle (dateReservSalle,prixReservSalle,modePaiement,statutPaiement,nbPersonne,noCarteCredit,codeSalle,noSeqClient) VALUES('2014/01/11',300,'comptant',NULL,300,'1234567890123460','PIP',1010)
GO

PRINT('Chargement Reservation.tblTypeChambre')
GO
INSERT INTO Reservation.tblTypeChambre VALUES ('STD', 'Chambre standard','Équipement standard de base')
INSERT INTO Reservation.tblTypeChambre VALUES ('LUX', 'Chambre deluxe','Chambres offertes avec bain tourbillon')
INSERT INTO Reservation.tblTypeChambre VALUES ('SUI', 'Suite','Certaines chambres avec foyer disponible')
GO


PRINT('Chargement Reservation.tblChambre')
GO
INSERT INTO Reservation.tblChambre(EtageChambre, StatutChambre, DescChambre, TypeLit, NbLit, CodeHotel, CodeTypeChambre) VALUES (1,NULL, 'Description ici','Lit double',1, 'HMR', 'STD')
INSERT INTO Reservation.tblChambre (EtageChambre, StatutChambre, DescChambre, TypeLit, NbLit, CodeHotel, CodeTypeChambre) VALUES (2,NULL, 'Description ici', 'Lit queen',2,'HMR', 'LUX')
INSERT INTO Reservation.tblChambre (EtageChambre, StatutChambre, DescChambre, TypeLit, NbLit, CodeHotel, CodeTypeChambre) VALUES (3,NULL, 'Description ici', 'Lit king',1,'HMR', 'SUI')
INSERT INTO Reservation.tblChambre (EtageChambre, StatutChambre, DescChambre, TypeLit, NbLit, CodeHotel, CodeTypeChambre) VALUES (4,NULL, 'Description ici', 'Lit double',2,'HMR', 'STD')
INSERT INTO Reservation.tblChambre (EtageChambre, StatutChambre, DescChambre, TypeLit, NbLit, CodeHotel, CodeTypeChambre) VALUES (5,NULL, 'Description ici', 'Lit queen',1,'HMR', 'LUX')
INSERT INTO Reservation.tblChambre (EtageChambre, StatutChambre, DescChambre, TypeLit, NbLit, CodeHotel, CodeTypeChambre) VALUES (6,NULL, 'Description ici', 'Lit king',2,'HMR', 'SUI')
INSERT INTO Reservation.tblChambre (EtageChambre, StatutChambre, DescChambre, TypeLit, NbLit, CodeHotel, CodeTypeChambre) VALUES (7,NULL, 'Description ici', 'Lit double',1,'HMR', 'STD')
INSERT INTO Reservation.tblChambre (EtageChambre, StatutChambre, DescChambre, TypeLit, NbLit, CodeHotel, CodeTypeChambre) VALUES (8,NULL, 'Description ici', 'Lit queen',2,'HMR', 'LUX')
INSERT INTO Reservation.tblChambre (EtageChambre, StatutChambre, DescChambre, TypeLit, NbLit, CodeHotel, CodeTypeChambre) VALUES (9,NULL, 'Description ici', 'Lit king',1,'HMR', 'SUI')
INSERT INTO Reservation.tblChambre (EtageChambre, StatutChambre, DescChambre, TypeLit, NbLit, CodeHotel, CodeTypeChambre) VALUES (10,NULL, 'Description ici', 'Lit double',2,'HMR', 'STD')
INSERT INTO Reservation.tblChambre (EtageChambre, StatutChambre, DescChambre, TypeLit, NbLit, CodeHotel, CodeTypeChambre) VALUES (1,NULL, 'Description ici', 'Lit queen',1,'HJC', 'LUX')
INSERT INTO Reservation.tblChambre (EtageChambre, StatutChambre, DescChambre, TypeLit, NbLit, CodeHotel, CodeTypeChambre) VALUES (2,NULL, 'Description ici', 'Lit king',2,'HJC', 'SUI')
INSERT INTO Reservation.tblChambre (EtageChambre, StatutChambre, DescChambre, TypeLit, NbLit, CodeHotel, CodeTypeChambre) VALUES (3,NULL, 'Description ici', 'Lit double',1,'HJC', 'STD')
INSERT INTO Reservation.tblChambre (EtageChambre, StatutChambre, DescChambre, TypeLit, NbLit, CodeHotel, CodeTypeChambre) VALUES (4,NULL, 'Description ici', 'Lit queen',2,'HJC', 'LUX')
INSERT INTO Reservation.tblChambre (EtageChambre, StatutChambre, DescChambre, TypeLit, NbLit, CodeHotel, CodeTypeChambre) VALUES (5,NULL, 'Description ici', 'Lit king',1,'HJC', 'SUI')
INSERT INTO Reservation.tblChambre (EtageChambre, StatutChambre, DescChambre, TypeLit, NbLit, CodeHotel, CodeTypeChambre) VALUES (6,NULL, 'Description ici', 'Lit double',2,'HJC', 'STD')
INSERT INTO Reservation.tblChambre (EtageChambre, StatutChambre, DescChambre, TypeLit, NbLit, CodeHotel, CodeTypeChambre) VALUES (7,NULL, 'Description ici', 'Lit queen',1,'HJC', 'LUX')
INSERT INTO Reservation.tblChambre (EtageChambre, StatutChambre, DescChambre, TypeLit, NbLit, CodeHotel, CodeTypeChambre) VALUES (8,NULL, 'Description ici', 'Lit king',2,'HJC', 'SUI')
INSERT INTO Reservation.tblChambre (EtageChambre, StatutChambre, DescChambre, TypeLit, NbLit, CodeHotel, CodeTypeChambre) VALUES (9,NULL, 'Description ici', 'Lit double',1,'HJC', 'STD')
INSERT INTO Reservation.tblChambre (EtageChambre, StatutChambre, DescChambre, TypeLit, NbLit, CodeHotel, CodeTypeChambre) VALUES (10,NULL, 'Description ici', 'Lit queen',2,'HJC', 'LUX')
INSERT INTO Reservation.tblChambre (EtageChambre, StatutChambre, DescChambre, TypeLit, NbLit, CodeHotel, CodeTypeChambre) VALUES (1,NULL, 'Description ici', 'Lit king',1,'HDC', 'SUI')
INSERT INTO Reservation.tblChambre (EtageChambre, StatutChambre, DescChambre, TypeLit, NbLit, CodeHotel, CodeTypeChambre) VALUES (2,NULL, 'Description ici', 'Lit double',2,'HDC', 'STD')
INSERT INTO Reservation.tblChambre (EtageChambre, StatutChambre, DescChambre, TypeLit, NbLit, CodeHotel, CodeTypeChambre) VALUES (3,NULL, 'Description ici', 'Lit queen',1,'HDC', 'LUX')
INSERT INTO Reservation.tblChambre (EtageChambre, StatutChambre, DescChambre, TypeLit, NbLit, CodeHotel, CodeTypeChambre) VALUES (4,NULL, 'Description ici', 'Lit king',2,'HDC', 'SUI')
INSERT INTO Reservation.tblChambre (EtageChambre, StatutChambre, DescChambre, TypeLit, NbLit, CodeHotel, CodeTypeChambre) VALUES (5,NULL, 'Description ici', 'Lit double',1,'HDC', 'STD')
INSERT INTO Reservation.tblChambre (EtageChambre, StatutChambre, DescChambre, TypeLit, NbLit, CodeHotel, CodeTypeChambre) VALUES (6,NULL, 'Description ici', 'Lit queen',2,'HDC', 'LUX')
INSERT INTO Reservation.tblChambre (EtageChambre, StatutChambre, DescChambre, TypeLit, NbLit, CodeHotel, CodeTypeChambre) VALUES (7,NULL, 'Description ici', 'Lit king',1,'HDC', 'SUI')
INSERT INTO Reservation.tblChambre (EtageChambre, StatutChambre, DescChambre, TypeLit, NbLit, CodeHotel, CodeTypeChambre) VALUES (8,NULL, 'Description ici', 'Lit double',2, 'HDC', 'STD')
INSERT INTO Reservation.tblChambre (EtageChambre, StatutChambre, DescChambre, TypeLit, NbLit, CodeHotel, CodeTypeChambre) VALUES (9,NULL, 'Description ici', 'Lit queen',1,'HDC', 'LUX')
INSERT INTO Reservation.tblChambre (EtageChambre, StatutChambre, DescChambre, TypeLit, NbLit, CodeHotel, CodeTypeChambre) VALUES (10,NULL, 'Description ici', 'Lit king',2,'HDC', 'SUI')
INSERT INTO Reservation.tblChambre (EtageChambre, StatutChambre, DescChambre, TypeLit, NbLit, CodeHotel, CodeTypeChambre) VALUES (1,NULL, 'Description ici', 'Lit double',1, 'HSA', 'STD')
INSERT INTO Reservation.tblChambre (EtageChambre, StatutChambre, DescChambre, TypeLit, NbLit, CodeHotel, CodeTypeChambre) VALUES (2,NULL, 'Description ici', 'Lit queen',2,'HSA', 'LUX')
INSERT INTO Reservation.tblChambre (EtageChambre, StatutChambre, DescChambre, TypeLit, NbLit, CodeHotel, CodeTypeChambre) VALUES (3,NULL, 'Description ici', 'Lit king',1,'HSA', 'SUI')
INSERT INTO Reservation.tblChambre (EtageChambre, StatutChambre, DescChambre, TypeLit, NbLit, CodeHotel, CodeTypeChambre) VALUES (4,NULL, 'Description ici', 'Lit double',2,'HSA', 'STD')
INSERT INTO Reservation.tblChambre (EtageChambre, StatutChambre, DescChambre, TypeLit, NbLit, CodeHotel, CodeTypeChambre) VALUES (5,NULL, 'Description ici', 'Lit queen',1,'HSA', 'LUX')
INSERT INTO Reservation.tblChambre (EtageChambre, StatutChambre, DescChambre, TypeLit, NbLit, CodeHotel, CodeTypeChambre) VALUES (6,NULL, 'Description ici', 'Lit king',2,'HSA', 'SUI')
INSERT INTO Reservation.tblChambre (EtageChambre, StatutChambre, DescChambre, TypeLit, NbLit, CodeHotel, CodeTypeChambre) VALUES (7,NULL, 'Description ici', 'Lit double',1,'HSA', 'STD')
INSERT INTO Reservation.tblChambre (EtageChambre, StatutChambre, DescChambre, TypeLit, NbLit, CodeHotel, CodeTypeChambre) VALUES (8,NULL, 'Description ici', 'Lit queen',2,'HSA', 'LUX')
INSERT INTO Reservation.tblChambre (EtageChambre, StatutChambre, DescChambre, TypeLit, NbLit, CodeHotel, CodeTypeChambre) VALUES (9,NULL, 'Description ici', 'Lit king',1,'HSA', 'SUI')
INSERT INTO Reservation.tblChambre (EtageChambre, StatutChambre, DescChambre, TypeLit, NbLit, CodeHotel, CodeTypeChambre) VALUES (10,NULL, 'Description ici', 'Lit double',2,'HSA', 'STD')
INSERT INTO Reservation.tblChambre (EtageChambre, StatutChambre, DescChambre, TypeLit, NbLit, CodeHotel, CodeTypeChambre) VALUES (1,NULL, 'Description ici', 'Lit queen',1,'HDT', 'LUX')
INSERT INTO Reservation.tblChambre (EtageChambre, StatutChambre, DescChambre, TypeLit, NbLit, CodeHotel, CodeTypeChambre) VALUES (2,NULL, 'Description ici', 'Lit king',2,'HDT', 'SUI')
INSERT INTO Reservation.tblChambre (EtageChambre, StatutChambre, DescChambre, TypeLit, NbLit, CodeHotel, CodeTypeChambre) VALUES (3,NULL, 'Description ici', 'Lit double',1,'HDT', 'STD')
INSERT INTO Reservation.tblChambre (EtageChambre, StatutChambre, DescChambre, TypeLit, NbLit, CodeHotel, CodeTypeChambre) VALUES (4,NULL, 'Description ici', 'Lit queen',2,'HDT', 'LUX')
INSERT INTO Reservation.tblChambre (EtageChambre, StatutChambre, DescChambre, TypeLit, NbLit, CodeHotel, CodeTypeChambre) VALUES (5,NULL, 'Description ici', 'Lit king',1,'HDT', 'SUI')
INSERT INTO Reservation.tblChambre (EtageChambre, StatutChambre, DescChambre, TypeLit, NbLit, CodeHotel, CodeTypeChambre) VALUES (6,NULL, 'Description ici', 'Lit double',2,'HDT', 'STD')
INSERT INTO Reservation.tblChambre (EtageChambre, StatutChambre, DescChambre, TypeLit, NbLit, CodeHotel, CodeTypeChambre) VALUES (7,NULL, 'Description ici', 'Lit queen',1,'HDT', 'LUX')
INSERT INTO Reservation.tblChambre (EtageChambre, StatutChambre, DescChambre, TypeLit, NbLit, CodeHotel, CodeTypeChambre) VALUES (8,NULL, 'Description ici', 'Lit king',2,'HDT', 'SUI')
INSERT INTO Reservation.tblChambre (EtageChambre, StatutChambre, DescChambre, TypeLit, NbLit, CodeHotel, CodeTypeChambre) VALUES (9,NULL, 'Description ici', 'Lit double',1,'HDT', 'STD')
INSERT INTO Reservation.tblChambre (EtageChambre, StatutChambre, DescChambre, TypeLit, NbLit, CodeHotel, CodeTypeChambre) VALUES (10,NULL, 'Description ici', 'Lit queen',2,'HDT', 'LUX')
INSERT INTO Reservation.tblChambre (EtageChambre, StatutChambre, DescChambre, TypeLit, NbLit, CodeHotel, CodeTypeChambre) VALUES (1,NULL, 'Description ici', 'Lit king',1,'HDB', 'SUI')
INSERT INTO Reservation.tblChambre (EtageChambre, StatutChambre, DescChambre, TypeLit, NbLit, CodeHotel, CodeTypeChambre) VALUES (2,NULL, 'Description ici', 'Lit double',2,'HDB', 'STD')
INSERT INTO Reservation.tblChambre (EtageChambre, StatutChambre, DescChambre, TypeLit, NbLit, CodeHotel, CodeTypeChambre) VALUES (3,NULL, 'Description ici', 'Lit queen',1,'HDB', 'LUX')
INSERT INTO Reservation.tblChambre (EtageChambre, StatutChambre, DescChambre, TypeLit, NbLit, CodeHotel, CodeTypeChambre) VALUES (4,NULL, 'Description ici', 'Lit king',2,'HDB', 'SUI')
INSERT INTO Reservation.tblChambre (EtageChambre, StatutChambre, DescChambre, TypeLit, NbLit, CodeHotel, CodeTypeChambre) VALUES (5,NULL, 'Description ici', 'Lit double',1,'HDB', 'STD')
INSERT INTO Reservation.tblChambre (EtageChambre, StatutChambre, DescChambre, TypeLit, NbLit, CodeHotel, CodeTypeChambre) VALUES (6,NULL, 'Description ici', 'Lit queen',2,'HDB', 'LUX')
INSERT INTO Reservation.tblChambre (EtageChambre, StatutChambre, DescChambre, TypeLit, NbLit, CodeHotel, CodeTypeChambre) VALUES (7,NULL, 'Description ici', 'Lit king',1,'HDB', 'SUI')
INSERT INTO Reservation.tblChambre (EtageChambre, StatutChambre, DescChambre, TypeLit, NbLit, CodeHotel, CodeTypeChambre) VALUES (8,NULL, 'Description ici', 'Lit double',2,'HDB', 'STD')
INSERT INTO Reservation.tblChambre (EtageChambre, StatutChambre, DescChambre, TypeLit, NbLit, CodeHotel, CodeTypeChambre) VALUES (9,NULL, 'Description ici', 'Lit queen',1,'HDB', 'LUX')
INSERT INTO Reservation.tblChambre (EtageChambre, StatutChambre, DescChambre, TypeLit, NbLit, CodeHotel, CodeTypeChambre) VALUES (10,NULL, 'Description ici', 'Lit king',2,'HDB', 'SUI')
INSERT INTO Reservation.tblChambre (EtageChambre, StatutChambre, DescChambre, TypeLit, NbLit, CodeHotel, CodeTypeChambre) VALUES (1,NULL, 'Description ici', 'Lit double',1,'HME', 'STD')
INSERT INTO Reservation.tblChambre (EtageChambre, StatutChambre, DescChambre, TypeLit, NbLit, CodeHotel, CodeTypeChambre) VALUES (2,NULL, 'Description ici', 'Lit queen',2,'HME', 'LUX')
INSERT INTO Reservation.tblChambre (EtageChambre, StatutChambre, DescChambre, TypeLit, NbLit, CodeHotel, CodeTypeChambre) VALUES (3,NULL, 'Description ici', 'Lit king',1,'HME', 'SUI')
INSERT INTO Reservation.tblChambre (EtageChambre, StatutChambre, DescChambre, TypeLit, NbLit, CodeHotel, CodeTypeChambre) VALUES (4,NULL, 'Description ici', 'Lit double',2,'HME', 'STD')
INSERT INTO Reservation.tblChambre (EtageChambre, StatutChambre, DescChambre, TypeLit, NbLit, CodeHotel, CodeTypeChambre) VALUES (5,NULL, 'Description ici', 'Lit queen',1,'HME', 'LUX')
INSERT INTO Reservation.tblChambre (EtageChambre, StatutChambre, DescChambre, TypeLit, NbLit, CodeHotel, CodeTypeChambre) VALUES (6,NULL, 'Description ici', 'Lit king',2,'HME', 'SUI')
INSERT INTO Reservation.tblChambre (EtageChambre, StatutChambre, DescChambre, TypeLit, NbLit, CodeHotel, CodeTypeChambre) VALUES (7,NULL, 'Description ici', 'Lit double',1,'HME', 'STD')
INSERT INTO Reservation.tblChambre (EtageChambre, StatutChambre, DescChambre, TypeLit, NbLit, CodeHotel, CodeTypeChambre) VALUES (8,NULL, 'Description ici', 'Lit queen',2,'HME', 'LUX')
INSERT INTO Reservation.tblChambre (EtageChambre, StatutChambre, DescChambre, TypeLit, NbLit, CodeHotel, CodeTypeChambre) VALUES (9,NULL, 'Description ici', 'Lit king',1,'HME', 'SUI')
INSERT INTO Reservation.tblChambre (EtageChambre, StatutChambre, DescChambre, TypeLit, NbLit, CodeHotel, CodeTypeChambre) VALUES (10,NULL, 'Description ici', 'Lit double',2,'HME', 'STD')
INSERT INTO Reservation.tblChambre (EtageChambre, StatutChambre, DescChambre, TypeLit, NbLit, CodeHotel, CodeTypeChambre) VALUES (1,NULL, 'Description ici', 'Lit queen',1,'HBE', 'LUX')
INSERT INTO Reservation.tblChambre (EtageChambre, StatutChambre, DescChambre, TypeLit, NbLit, CodeHotel, CodeTypeChambre) VALUES (2,NULL, 'Description ici', 'Lit king',2,'HBE', 'SUI')
INSERT INTO Reservation.tblChambre (EtageChambre, StatutChambre, DescChambre, TypeLit, NbLit, CodeHotel, CodeTypeChambre) VALUES (3,NULL, 'Description ici', 'Lit double',1,'HBE', 'STD')
INSERT INTO Reservation.tblChambre (EtageChambre, StatutChambre, DescChambre, TypeLit, NbLit, CodeHotel, CodeTypeChambre) VALUES (4,NULL, 'Description ici', 'Lit queen',2,'HBE', 'LUX')
INSERT INTO Reservation.tblChambre (EtageChambre, StatutChambre, DescChambre, TypeLit, NbLit, CodeHotel, CodeTypeChambre) VALUES (5,NULL, 'Description ici', 'Lit king',1,'HBE', 'SUI')
INSERT INTO Reservation.tblChambre (EtageChambre, StatutChambre, DescChambre, TypeLit, NbLit, CodeHotel, CodeTypeChambre) VALUES (6,NULL, 'Description ici', 'Lit double',2,'HBE', 'STD')
INSERT INTO Reservation.tblChambre (EtageChambre, StatutChambre, DescChambre, TypeLit, NbLit, CodeHotel, CodeTypeChambre) VALUES (7,NULL, 'Description ici', 'Lit queen',1,'HBE', 'LUX')
INSERT INTO Reservation.tblChambre (EtageChambre, StatutChambre, DescChambre, TypeLit, NbLit, CodeHotel, CodeTypeChambre) VALUES (8,NULL, 'Description ici', 'Lit king',2,'HBE', 'SUI')
INSERT INTO Reservation.tblChambre (EtageChambre, StatutChambre, DescChambre, TypeLit, NbLit, CodeHotel, CodeTypeChambre) VALUES (9,NULL, 'Description ici', 'Lit double',1,'HBE', 'STD')
INSERT INTO Reservation.tblChambre (EtageChambre, StatutChambre, DescChambre, TypeLit, NbLit, CodeHotel, CodeTypeChambre) VALUES (10,NULL, 'Description ici', 'Lit queen',2,'HBE', 'LUX')
INSERT INTO Reservation.tblChambre (EtageChambre, StatutChambre, DescChambre, TypeLit, NbLit, CodeHotel, CodeTypeChambre) VALUES (1,NULL, 'Description ici', 'Lit king',1,'HGC', 'SUI')
INSERT INTO Reservation.tblChambre (EtageChambre, StatutChambre, DescChambre, TypeLit, NbLit, CodeHotel, CodeTypeChambre) VALUES (2,NULL, 'Description ici', 'Lit double',2,'HGC', 'STD')
INSERT INTO Reservation.tblChambre (EtageChambre, StatutChambre, DescChambre, TypeLit, NbLit, CodeHotel, CodeTypeChambre) VALUES (3,NULL, 'Description ici', 'Lit queen',1,'HGC', 'LUX')
INSERT INTO Reservation.tblChambre (EtageChambre, StatutChambre, DescChambre, TypeLit, NbLit, CodeHotel, CodeTypeChambre) VALUES (4,NULL, 'Description ici', 'Lit king',2,'HGC', 'SUI')
INSERT INTO Reservation.tblChambre (EtageChambre, StatutChambre, DescChambre, TypeLit, NbLit, CodeHotel, CodeTypeChambre) VALUES (5,NULL, 'Description ici', 'Lit double',1,'HGC', 'STD')
INSERT INTO Reservation.tblChambre (EtageChambre, StatutChambre, DescChambre, TypeLit, NbLit, CodeHotel, CodeTypeChambre) VALUES (6,NULL, 'Description ici', 'Lit queen',2,'HGC', 'LUX')
INSERT INTO Reservation.tblChambre (EtageChambre, StatutChambre, DescChambre, TypeLit, NbLit, CodeHotel, CodeTypeChambre) VALUES (7,NULL, 'Description ici', 'Lit king',1,'HGC', 'SUI')
INSERT INTO Reservation.tblChambre (EtageChambre, StatutChambre, DescChambre, TypeLit, NbLit, CodeHotel, CodeTypeChambre) VALUES (8,NULL, 'Description ici', 'Lit double',2,'HGC', 'STD')
INSERT INTO Reservation.tblChambre (EtageChambre, StatutChambre, DescChambre, TypeLit, NbLit, CodeHotel, CodeTypeChambre) VALUES (9,NULL, 'Description ici', 'Lit queen',1,'HGC', 'LUX')
INSERT INTO Reservation.tblChambre (EtageChambre, StatutChambre, DescChambre, TypeLit, NbLit, CodeHotel, CodeTypeChambre) VALUES (10,NULL, 'Description ici', 'Lit king',2,'HGC', 'SUI')
INSERT INTO Reservation.tblChambre (EtageChambre, StatutChambre, DescChambre, TypeLit, NbLit, CodeHotel, CodeTypeChambre) VALUES (1,NULL, 'Description ici', 'Lit double',1,'HRN', 'STD')
INSERT INTO Reservation.tblChambre (EtageChambre, StatutChambre, DescChambre, TypeLit, NbLit, CodeHotel, CodeTypeChambre) VALUES (2,NULL, 'Description ici', 'Lit queen',2,'HRN', 'LUX')
INSERT INTO Reservation.tblChambre (EtageChambre, StatutChambre, DescChambre, TypeLit, NbLit, CodeHotel, CodeTypeChambre) VALUES (3,NULL, 'Description ici', 'Lit king',1,'HRN', 'SUI')
INSERT INTO Reservation.tblChambre (EtageChambre, StatutChambre, DescChambre, TypeLit, NbLit, CodeHotel, CodeTypeChambre) VALUES (4,NULL, 'Description ici', 'Lit double',2,'HRN', 'STD')
INSERT INTO Reservation.tblChambre (EtageChambre, StatutChambre, DescChambre, TypeLit, NbLit, CodeHotel, CodeTypeChambre) VALUES (5,NULL, 'Description ici', 'Lit queen',1,'HRN', 'LUX')
INSERT INTO Reservation.tblChambre (EtageChambre, StatutChambre, DescChambre, TypeLit, NbLit, CodeHotel, CodeTypeChambre) VALUES (6,NULL, 'Description ici', 'Lit king',2,'HRN', 'SUI')
INSERT INTO Reservation.tblChambre (EtageChambre, StatutChambre, DescChambre, TypeLit, NbLit, CodeHotel, CodeTypeChambre) VALUES (7,NULL, 'Description ici', 'Lit double',1,'HRN', 'STD')
INSERT INTO Reservation.tblChambre (EtageChambre, StatutChambre, DescChambre, TypeLit, NbLit, CodeHotel, CodeTypeChambre) VALUES (8,NULL, 'Description ici', 'Lit queen',2,'HRN', 'LUX')
INSERT INTO Reservation.tblChambre (EtageChambre, StatutChambre, DescChambre, TypeLit, NbLit, CodeHotel, CodeTypeChambre) VALUES (9,NULL, 'Description ici', 'Lit king',1,'HRN', 'SUI')
INSERT INTO Reservation.tblChambre (EtageChambre, StatutChambre, DescChambre, TypeLit, NbLit, CodeHotel, CodeTypeChambre) VALUES (10,NULL, 'Description ici', 'Lit double',2,'HRN', 'STD')
GO


PRINT('Chargement Reservation.tblReservationChambre')
GO
--INSERT INTO Reservation.tblReservationChambre (PrixReservChambre, ModePaiement, StatutPaiement, NbPersonne, NoCarteCredit, NomLocataire,NoSeqClient) VALUES (90, 'Carte crédit', 'Payé', 2, '172038276357289','Charles Attend',1000)
--INSERT INTO Reservation.tblReservationChambre (PrixReservChambre, ModePaiement, StatutPaiement, NbPersonne, NoCarteCredit, NomLocataire,NoSeqClient) VALUES (160, 'Carte crédit', 'Payé', 4, '2817263829182736','Don Quichotte',1001)
--INSERT INTO Reservation.tblReservationChambre (PrixReservChambre, ModePaiement, StatutPaiement, NbPersonne, NoCarteCredit, NomLocataire,NoSeqClient) VALUES (250, 'Argent', 'Non payé', 2, NULL,'Lancelot du Lac',1002)
--INSERT INTO Reservation.tblReservationChambre (PrixReservChambre, ModePaiement, StatutPaiement, NbPersonne, NoCarteCredit, NomLocataire,NoSeqClient) VALUES (90, 'Argent', 'Payé', 2, NULL,'Vincent Boucher',1003)
--INSERT INTO Reservation.tblReservationChambre (PrixReservChambre, ModePaiement, StatutPaiement, NbPersonne, NoCarteCredit, NomLocataire,NoSeqClient) VALUES (160, 'Carte crédit', 'Non payé', 4, '8372693827362545','François Morin',1004)
--INSERT INTO Reservation.tblReservationChambre (PrixReservChambre, ModePaiement, StatutPaiement, NbPersonne, NoCarteCredit, NomLocataire,NoSeqClient) VALUES (250, 'Carte crédit', 'Payé', 2, '2817263829182736','Dominique Larouche',1005)
--INSERT INTO Reservation.tblReservationChambre (PrixReservChambre, ModePaiement, StatutPaiement, NbPersonne, NoCarteCredit, NomLocataire,NoSeqClient) VALUES (90, 'Argent', 'Payé', 2, NULL,'Tommy Dupperé',1006)
--INSERT INTO Reservation.tblReservationChambre (PrixReservChambre, ModePaiement, StatutPaiement, NbPersonne, NoCarteCredit, NomLocataire,NoSeqClient) VALUES (160, 'Carte crédit', 'non payé', 4, '8763677829837462','Marc Antoine Tremblay',1007)
--INSERT INTO Reservation.tblReservationChambre (PrixReservChambre, ModePaiement, StatutPaiement, NbPersonne, NoCarteCredit, NomLocataire,NoSeqClient) VALUES (250, 'Carte crédit', 'Payé', 2, '0938746356837463','Sébastien Honorine',1008)
--INSERT INTO Reservation.tblReservationChambre (PrixReservChambre, ModePaiement, StatutPaiement, NbPersonne, NoCarteCredit, NomLocataire,NoSeqClient) VALUES (90, 'Argent', 'Payé', 2, NULL,'David Savard',1009)
--INSERT INTO Reservation.tblReservationChambre (PrixReservChambre, ModePaiement, StatutPaiement, NbPersonne, NoCarteCredit, NomLocataire,NoSeqClient) VALUES (160, 'Carte crédit', 'Payé', 2, '7363526374678972','Robin Simard',1010)
--INSERT INTO Reservation.tblReservationChambre (PrixReservChambre, ModePaiement, StatutPaiement, NbPersonne, NoCarteCredit, NomLocataire,NoSeqClient) VALUES (250, 'Carte crédit', 'Payé', 2, '7365271827365452','Nicolas Duchaine',1011)
--INSERT INTO Reservation.tblReservationChambre (PrixReservChambre, ModePaiement, StatutPaiement, NbPersonne, NoCarteCredit, NomLocataire,NoSeqClient) VALUES (90, 'Argent', 'Non payé', 2,NULL,'Kévin Rollin',1012)
--INSERT INTO Reservation.tblReservationChambre (PrixReservChambre, ModePaiement, StatutPaiement, NbPersonne, NoCarteCredit, NomLocataire,NoSeqClient) VALUES (160, 'Carte crédit', 'Payé', 4, '1837266678489103','Michel Monpetit',1013)
--INSERT INTO Reservation.tblReservationChambre (PrixReservChambre, ModePaiement, StatutPaiement, NbPersonne, NoCarteCredit, NomLocataire,NoSeqClient) VALUES (250, 'Carte crédit', 'Payé', 2, '8374636255678392','Lady Gaga',1014)
--INSERT INTO Reservation.tblReservationChambre (PrixReservChambre, ModePaiement, StatutPaiement, NbPersonne, NoCarteCredit, NomLocataire,NoSeqClient) VALUES (90, 'Carte crédit', 'Payé', 2, '7463524536473638','Nicki Minaj',1015)
--INSERT INTO Reservation.tblReservationChambre (PrixReservChambre, ModePaiement, StatutPaiement, NbPersonne, NoCarteCredit, NomLocataire,NoSeqClient) VALUES (160, 'Argent', 'Non payé', 4,NULL,'Jennifer Lopez',1016)
--INSERT INTO Reservation.tblReservationChambre (PrixReservChambre, ModePaiement, StatutPaiement, NbPersonne, NoCarteCredit, NomLocataire,NoSeqClient) VALUES (250, 'Carte crédit', 'Payé', 4, '3723555162737820','Ariana Grande',1017)
--INSERT INTO Reservation.tblReservationChambre (PrixReservChambre, ModePaiement, StatutPaiement, NbPersonne, NoCarteCredit, NomLocataire,NoSeqClient) VALUES (90, 'Carte crédit', 'Payé', 2, '3726355267811983','Iggy Azalea',1018)
--INSERT INTO Reservation.tblReservationChambre (PrixReservChambre, ModePaiement, StatutPaiement, NbPersonne, NoCarteCredit, NomLocataire,NoSeqClient) VALUES (160, 'Carte crédit', 'non payé', 4, '3726253678273658','Jeanne Darc',1019)
GO
INSERT INTO Reservation.tblReservationChambre (PrixReservChambre,ModePaiement,NoSeqClient) VALUES (294,'Debit',1000)
INSERT INTO Reservation.tblReservationChambre (PrixReservChambre,ModePaiement,NoSeqClient) VALUES (187,'Credit',1001)
INSERT INTO Reservation.tblReservationChambre (PrixReservChambre,ModePaiement,NoSeqClient) VALUES (101,'Debit',1002)
INSERT INTO Reservation.tblReservationChambre (PrixReservChambre,ModePaiement,NoSeqClient) VALUES (111,'Debit',1003)
INSERT INTO Reservation.tblReservationChambre (PrixReservChambre,ModePaiement,NoSeqClient) VALUES (171,'Debit',1004)
INSERT INTO Reservation.tblReservationChambre (PrixReservChambre,ModePaiement,NoSeqClient) VALUES (260,'Comptant',1005)
INSERT INTO Reservation.tblReservationChambre (PrixReservChambre,ModePaiement,NoSeqClient) VALUES (287,'Credit',1006)
INSERT INTO Reservation.tblReservationChambre (PrixReservChambre,ModePaiement,NoSeqClient) VALUES (291,'Credit',1007)
INSERT INTO Reservation.tblReservationChambre (PrixReservChambre,ModePaiement,NoSeqClient) VALUES (192,'Debit',1008)
INSERT INTO Reservation.tblReservationChambre (PrixReservChambre,ModePaiement,NoSeqClient) VALUES (253,'Comptant',1009)
INSERT INTO Reservation.tblReservationChambre (PrixReservChambre,ModePaiement,NoSeqClient) VALUES (232,'Cheque',1010)
INSERT INTO Reservation.tblReservationChambre (PrixReservChambre,ModePaiement,NoSeqClient) VALUES (203,'Cheque',1011)
INSERT INTO Reservation.tblReservationChambre (PrixReservChambre,ModePaiement,NoSeqClient) VALUES (268,'Debit',1012)
INSERT INTO Reservation.tblReservationChambre (PrixReservChambre,ModePaiement,NoSeqClient) VALUES (161,'Debit',1013)
INSERT INTO Reservation.tblReservationChambre (PrixReservChambre,ModePaiement,NoSeqClient) VALUES (164,'Comptant',1014)
INSERT INTO Reservation.tblReservationChambre (PrixReservChambre,ModePaiement,NoSeqClient) VALUES (160,'Credit',1015)
INSERT INTO Reservation.tblReservationChambre (PrixReservChambre,ModePaiement,NoSeqClient) VALUES (124,'Cheque',1016)
INSERT INTO Reservation.tblReservationChambre (PrixReservChambre,ModePaiement,NoSeqClient) VALUES (243,'Debit',1017)
INSERT INTO Reservation.tblReservationChambre (PrixReservChambre,ModePaiement,NoSeqClient) VALUES (249,'Debit',1018)
INSERT INTO Reservation.tblReservationChambre (PrixReservChambre,ModePaiement,NoSeqClient) VALUES (119,'Cheque',1019)
INSERT INTO Reservation.tblReservationChambre (PrixReservChambre,ModePaiement,NoSeqClient) VALUES (146,'Debit',1020)
INSERT INTO Reservation.tblReservationChambre (PrixReservChambre,ModePaiement,NoSeqClient) VALUES (160,'Debit',1021)
INSERT INTO Reservation.tblReservationChambre (PrixReservChambre,ModePaiement,NoSeqClient) VALUES (172,'Credit',1022)
INSERT INTO Reservation.tblReservationChambre (PrixReservChambre,ModePaiement,NoSeqClient) VALUES (138,'Debit',1023)
INSERT INTO Reservation.tblReservationChambre (PrixReservChambre,ModePaiement,NoSeqClient) VALUES (166,'Comptant',1024)
INSERT INTO Reservation.tblReservationChambre (PrixReservChambre,ModePaiement,NoSeqClient) VALUES (207,'Cheque',1025)
INSERT INTO Reservation.tblReservationChambre (PrixReservChambre,ModePaiement,NoSeqClient) VALUES (200,'Comptant',1026)
INSERT INTO Reservation.tblReservationChambre (PrixReservChambre,ModePaiement,NoSeqClient) VALUES (294,'Cheque',1027)
INSERT INTO Reservation.tblReservationChambre (PrixReservChambre,ModePaiement,NoSeqClient) VALUES (110,'Cheque',1028)
INSERT INTO Reservation.tblReservationChambre (PrixReservChambre,ModePaiement,NoSeqClient) VALUES (113,'Credit',1029)
INSERT INTO Reservation.tblReservationChambre (PrixReservChambre,ModePaiement,NoSeqClient) VALUES (173,'Credit',1030)
INSERT INTO Reservation.tblReservationChambre (PrixReservChambre,ModePaiement,NoSeqClient) VALUES (116,'Comptant',1031)
INSERT INTO Reservation.tblReservationChambre (PrixReservChambre,ModePaiement,NoSeqClient) VALUES (233,'Debit',1032)
INSERT INTO Reservation.tblReservationChambre (PrixReservChambre,ModePaiement,NoSeqClient) VALUES (245,'Credit',1033)
INSERT INTO Reservation.tblReservationChambre (PrixReservChambre,ModePaiement,NoSeqClient) VALUES (268,'Debit',1034)
INSERT INTO Reservation.tblReservationChambre (PrixReservChambre,ModePaiement,NoSeqClient) VALUES (118,'Comptant',1035)
INSERT INTO Reservation.tblReservationChambre (PrixReservChambre,ModePaiement,NoSeqClient) VALUES (196,'Credit',1036)
INSERT INTO Reservation.tblReservationChambre (PrixReservChambre,ModePaiement,NoSeqClient) VALUES (119,'Credit',1037)
INSERT INTO Reservation.tblReservationChambre (PrixReservChambre,ModePaiement,NoSeqClient) VALUES (177,'Comptant',1038)
INSERT INTO Reservation.tblReservationChambre (PrixReservChambre,ModePaiement,NoSeqClient) VALUES (164,'Cheque',1039)
INSERT INTO Reservation.tblReservationChambre (PrixReservChambre,ModePaiement,NoSeqClient) VALUES (262,'Debit',1040)
INSERT INTO Reservation.tblReservationChambre (PrixReservChambre,ModePaiement,NoSeqClient) VALUES (135,'Comptant',1041)
INSERT INTO Reservation.tblReservationChambre (PrixReservChambre,ModePaiement,NoSeqClient) VALUES (192,'Cheque',1042)
INSERT INTO Reservation.tblReservationChambre (PrixReservChambre,ModePaiement,NoSeqClient) VALUES (111,'Cheque',1043)
INSERT INTO Reservation.tblReservationChambre (PrixReservChambre,ModePaiement,NoSeqClient) VALUES (203,'Debit',1044)
INSERT INTO Reservation.tblReservationChambre (PrixReservChambre,ModePaiement,NoSeqClient) VALUES (249,'Comptant',1045)
INSERT INTO Reservation.tblReservationChambre (PrixReservChambre,ModePaiement,NoSeqClient) VALUES (202,'Cheque',1046)
INSERT INTO Reservation.tblReservationChambre (PrixReservChambre,ModePaiement,NoSeqClient) VALUES (106,'Comptant',1047)
INSERT INTO Reservation.tblReservationChambre (PrixReservChambre,ModePaiement,NoSeqClient) VALUES (153,'Debit',1048)
INSERT INTO Reservation.tblReservationChambre (PrixReservChambre,ModePaiement,NoSeqClient) VALUES (131,'Debit',1049)
INSERT INTO Reservation.tblReservationChambre (PrixReservChambre,ModePaiement,NoSeqClient) VALUES (280,'Cheque',1050)
INSERT INTO Reservation.tblReservationChambre (PrixReservChambre,ModePaiement,NoSeqClient) VALUES (118,'Comptant',1051)
INSERT INTO Reservation.tblReservationChambre (PrixReservChambre,ModePaiement,NoSeqClient) VALUES (204,'Credit',1052)
INSERT INTO Reservation.tblReservationChambre (PrixReservChambre,ModePaiement,NoSeqClient) VALUES (209,'Credit',1053)
INSERT INTO Reservation.tblReservationChambre (PrixReservChambre,ModePaiement,NoSeqClient) VALUES (110,'Comptant',1054)
INSERT INTO Reservation.tblReservationChambre (PrixReservChambre,ModePaiement,NoSeqClient) VALUES (238,'Comptant',1055)
INSERT INTO Reservation.tblReservationChambre (PrixReservChambre,ModePaiement,NoSeqClient) VALUES (273,'Cheque',1056)
INSERT INTO Reservation.tblReservationChambre (PrixReservChambre,ModePaiement,NoSeqClient) VALUES (127,'Cheque',1057)
INSERT INTO Reservation.tblReservationChambre (PrixReservChambre,ModePaiement,NoSeqClient) VALUES (255,'Comptant',1058)
INSERT INTO Reservation.tblReservationChambre (PrixReservChambre,ModePaiement,NoSeqClient) VALUES (124,'Credit',1059)
INSERT INTO Reservation.tblReservationChambre (PrixReservChambre,ModePaiement,NoSeqClient) VALUES (138,'Cheque',1060)
INSERT INTO Reservation.tblReservationChambre (PrixReservChambre,ModePaiement,NoSeqClient) VALUES (271,'Comptant',1061)
INSERT INTO Reservation.tblReservationChambre (PrixReservChambre,ModePaiement,NoSeqClient) VALUES (177,'Comptant',1062)
INSERT INTO Reservation.tblReservationChambre (PrixReservChambre,ModePaiement,NoSeqClient) VALUES (148,'Debit',1063)
INSERT INTO Reservation.tblReservationChambre (PrixReservChambre,ModePaiement,NoSeqClient) VALUES (143,'Credit',1064)
INSERT INTO Reservation.tblReservationChambre (PrixReservChambre,ModePaiement,NoSeqClient) VALUES (198,'Credit',1065)
INSERT INTO Reservation.tblReservationChambre (PrixReservChambre,ModePaiement,NoSeqClient) VALUES (102,'Comptant',1066)
INSERT INTO Reservation.tblReservationChambre (PrixReservChambre,ModePaiement,NoSeqClient) VALUES (173,'Debit',1000)
INSERT INTO Reservation.tblReservationChambre (PrixReservChambre,ModePaiement,NoSeqClient) VALUES (209,'Comptant',1001)
INSERT INTO Reservation.tblReservationChambre (PrixReservChambre,ModePaiement,NoSeqClient) VALUES (261,'Debit',1002)
INSERT INTO Reservation.tblReservationChambre (PrixReservChambre,ModePaiement,NoSeqClient) VALUES (218,'Comptant',1003)
INSERT INTO Reservation.tblReservationChambre (PrixReservChambre,ModePaiement,NoSeqClient) VALUES (255,'Debit',1004)
INSERT INTO Reservation.tblReservationChambre (PrixReservChambre,ModePaiement,NoSeqClient) VALUES (197,'Debit',1005)
INSERT INTO Reservation.tblReservationChambre (PrixReservChambre,ModePaiement,NoSeqClient) VALUES (272,'Cheque',1006)
INSERT INTO Reservation.tblReservationChambre (PrixReservChambre,ModePaiement,NoSeqClient) VALUES (151,'Debit',1007)
INSERT INTO Reservation.tblReservationChambre (PrixReservChambre,ModePaiement,NoSeqClient) VALUES (119,'Debit',1008)
INSERT INTO Reservation.tblReservationChambre (PrixReservChambre,ModePaiement,NoSeqClient) VALUES (135,'Comptant',1009)
INSERT INTO Reservation.tblReservationChambre (PrixReservChambre,ModePaiement,NoSeqClient) VALUES (162,'Debit',1010)
INSERT INTO Reservation.tblReservationChambre (PrixReservChambre,ModePaiement,NoSeqClient) VALUES (292,'Credit',1011)
INSERT INTO Reservation.tblReservationChambre (PrixReservChambre,ModePaiement,NoSeqClient) VALUES (207,'Credit',1012)
INSERT INTO Reservation.tblReservationChambre (PrixReservChambre,ModePaiement,NoSeqClient) VALUES (192,'Comptant',1013)
INSERT INTO Reservation.tblReservationChambre (PrixReservChambre,ModePaiement,NoSeqClient) VALUES (188,'Debit',1014)
INSERT INTO Reservation.tblReservationChambre (PrixReservChambre,ModePaiement,NoSeqClient) VALUES (155,'Comptant',1015)
INSERT INTO Reservation.tblReservationChambre (PrixReservChambre,ModePaiement,NoSeqClient) VALUES (136,'Credit',1016)
INSERT INTO Reservation.tblReservationChambre (PrixReservChambre,ModePaiement,NoSeqClient) VALUES (213,'Cheque',1017)
INSERT INTO Reservation.tblReservationChambre (PrixReservChambre,ModePaiement,NoSeqClient) VALUES (188,'Comptant',1018)
INSERT INTO Reservation.tblReservationChambre (PrixReservChambre,ModePaiement,NoSeqClient) VALUES (173,'Comptant',1019)
INSERT INTO Reservation.tblReservationChambre (PrixReservChambre,ModePaiement,NoSeqClient) VALUES (205,'Cheque',1020)
INSERT INTO Reservation.tblReservationChambre (PrixReservChambre,ModePaiement,NoSeqClient) VALUES (197,'Debit',1021)
INSERT INTO Reservation.tblReservationChambre (PrixReservChambre,ModePaiement,NoSeqClient) VALUES (160,'Debit',1022)
INSERT INTO Reservation.tblReservationChambre (PrixReservChambre,ModePaiement,NoSeqClient) VALUES (216,'Cheque',1023)
INSERT INTO Reservation.tblReservationChambre (PrixReservChambre,ModePaiement,NoSeqClient) VALUES (157,'Cheque',1024)
INSERT INTO Reservation.tblReservationChambre (PrixReservChambre,ModePaiement,NoSeqClient) VALUES (207,'Debit',1025)
INSERT INTO Reservation.tblReservationChambre (PrixReservChambre,ModePaiement,NoSeqClient) VALUES (156,'Cheque',1026)
INSERT INTO Reservation.tblReservationChambre (PrixReservChambre,ModePaiement,NoSeqClient) VALUES (195,'Comptant',1027)
INSERT INTO Reservation.tblReservationChambre (PrixReservChambre,ModePaiement,NoSeqClient) VALUES (268,'Comptant',1028)
INSERT INTO Reservation.tblReservationChambre (PrixReservChambre,ModePaiement,NoSeqClient) VALUES (164,'Cheque',1029)
INSERT INTO Reservation.tblReservationChambre (PrixReservChambre,ModePaiement,NoSeqClient) VALUES (155,'Debit',1030)
INSERT INTO Reservation.tblReservationChambre (PrixReservChambre,ModePaiement,NoSeqClient) VALUES (274,'Cheque',1031)
INSERT INTO Reservation.tblReservationChambre (PrixReservChambre,ModePaiement,NoSeqClient) VALUES (218,'Debit',1032)
GO


PRINT('Chargement Reservation.tblChambreReservationChambre')
GO
INSERT INTO Reservation.tblChambreReservationChambre VALUES (1000,1000,3,'Hebert','Daria','2014-12-03','2014-12-21')
INSERT INTO Reservation.tblChambreReservationChambre VALUES (1001,1001,1,'Hodge','Ryder','2014-12-04','2014-12-19')
INSERT INTO Reservation.tblChambreReservationChambre VALUES (1002,1002,2,'Russell','Emerald','2014-12-04','2014-12-15')
INSERT INTO Reservation.tblChambreReservationChambre VALUES (1003,1003,4,'Slater','Gloria','2014-12-04','2014-12-15')
INSERT INTO Reservation.tblChambreReservationChambre VALUES (1004,1004,4,'Collier','Thane','2014-12-03','2014-12-18')
INSERT INTO Reservation.tblChambreReservationChambre VALUES (1005,1005,5,'Farrell','Cora','2014-12-04','2014-12-17')
INSERT INTO Reservation.tblChambreReservationChambre VALUES (1006,1006,4,'Hobbs','Ima','2014-12-07','2014-12-17')
INSERT INTO Reservation.tblChambreReservationChambre VALUES (1007,1007,1,'Hahn','Alfreda','2014-12-02','2014-12-15')
INSERT INTO Reservation.tblChambreReservationChambre VALUES (1008,1008,4,'Maddox','Dahlia','2014-12-07','2014-12-15')
INSERT INTO Reservation.tblChambreReservationChambre VALUES (1009,1009,4,'Ford','Bert','2014-12-07','2014-12-19')
INSERT INTO Reservation.tblChambreReservationChambre VALUES (1010,1010,4,'Kramer','Uriel','2014-12-04','2014-12-15')
INSERT INTO Reservation.tblChambreReservationChambre VALUES (1011,1011,1,'Johnson','Lacota','2014-12-06','2014-12-20')
INSERT INTO Reservation.tblChambreReservationChambre VALUES (1012,1012,3,'Benson','Giacomo','2014-12-05','2014-12-15')
INSERT INTO Reservation.tblChambreReservationChambre VALUES (1013,1013,5,'Garrett','Imogene','2014-12-01','2014-12-21')
INSERT INTO Reservation.tblChambreReservationChambre VALUES (1014,1014,5,'Thompson','Tarik','2014-12-03','2014-12-16')
INSERT INTO Reservation.tblChambreReservationChambre VALUES (1015,1015,5,'Velez','Haviva','2014-12-03','2014-12-20')
INSERT INTO Reservation.tblChambreReservationChambre VALUES (1016,1016,5,'Strong','Fiona','2014-12-03','2014-12-20')
INSERT INTO Reservation.tblChambreReservationChambre VALUES (1017,1017,3,'Lee','Clinton','2014-12-07','2014-12-20')
INSERT INTO Reservation.tblChambreReservationChambre VALUES (1018,1018,1,'Andrews','Cecilia','2014-12-03','2014-12-20')
INSERT INTO Reservation.tblChambreReservationChambre VALUES (1019,1019,4,'Yates','Moana','2014-12-05','2014-12-15')
INSERT INTO Reservation.tblChambreReservationChambre VALUES (1020,1020,2,'Wagner','Wayne','2014-12-04','2014-12-20')
INSERT INTO Reservation.tblChambreReservationChambre VALUES (1021,1021,5,'Alston','Walter','2014-12-07','2014-12-21')
INSERT INTO Reservation.tblChambreReservationChambre VALUES (1022,1022,4,'Mcclain','Harding','2014-12-05','2014-12-20')
INSERT INTO Reservation.tblChambreReservationChambre VALUES (1023,1023,4,'Burch','Kaseem','2014-12-03','2014-12-19')
INSERT INTO Reservation.tblChambreReservationChambre VALUES (1024,1024,4,'Mendez','David','2014-12-04','2014-12-21')
INSERT INTO Reservation.tblChambreReservationChambre VALUES (1025,1025,3,'Saunders','Hop','2014-12-07','2014-12-20')
INSERT INTO Reservation.tblChambreReservationChambre VALUES (1026,1026,2,'Camacho','Ramona','2014-12-05','2014-12-20')
INSERT INTO Reservation.tblChambreReservationChambre VALUES (1027,1027,1,'Herman','Rana','2014-12-01','2014-12-18')
INSERT INTO Reservation.tblChambreReservationChambre VALUES (1028,1028,3,'Lindsay','Josiah','2014-12-04','2014-12-18')
INSERT INTO Reservation.tblChambreReservationChambre VALUES (1029,1029,3,'Parrish','Benedict','2014-12-01','2014-12-16')
INSERT INTO Reservation.tblChambreReservationChambre VALUES (1030,1030,5,'Yang','Cleo','2014-12-07','2014-12-18')
INSERT INTO Reservation.tblChambreReservationChambre VALUES (1031,1031,1,'Burks','Medge','2014-12-03','2014-12-17')
INSERT INTO Reservation.tblChambreReservationChambre VALUES (1032,1032,4,'Skinner','Sonia','2014-12-04','2014-12-15')
INSERT INTO Reservation.tblChambreReservationChambre VALUES (1033,1033,4,'Mills','Leigh','2014-12-02','2014-12-19')
INSERT INTO Reservation.tblChambreReservationChambre VALUES (1034,1034,1,'Randall','Robin','2014-12-04','2014-12-16')
INSERT INTO Reservation.tblChambreReservationChambre VALUES (1035,1035,3,'Guy','Rahim','2014-12-03','2014-12-16')
INSERT INTO Reservation.tblChambreReservationChambre VALUES (1036,1036,1,'Chase','Rae','2014-12-07','2014-12-17')
INSERT INTO Reservation.tblChambreReservationChambre VALUES (1037,1037,3,'Crawford','Alexa','2014-12-01','2014-12-20')
INSERT INTO Reservation.tblChambreReservationChambre VALUES (1038,1038,1,'Christian','Baxter','2014-12-01','2014-12-17')
INSERT INTO Reservation.tblChambreReservationChambre VALUES (1039,1039,5,'Montoya','Hope','2014-12-04','2014-12-17')
INSERT INTO Reservation.tblChambreReservationChambre VALUES (1040,1040,1,'Booth','Malachi','2014-12-04','2014-12-16')
INSERT INTO Reservation.tblChambreReservationChambre VALUES (1041,1041,5,'Knox','Rafael','2014-12-07','2014-12-16')
INSERT INTO Reservation.tblChambreReservationChambre VALUES (1042,1042,3,'Macdonald','Stephen','2014-12-02','2014-12-16')
INSERT INTO Reservation.tblChambreReservationChambre VALUES (1043,1043,3,'Wells','Dahlia','2014-12-06','2014-12-21')
INSERT INTO Reservation.tblChambreReservationChambre VALUES (1044,1044,1,'Conway','Juliet','2014-12-06','2014-12-20')
INSERT INTO Reservation.tblChambreReservationChambre VALUES (1045,1045,3,'Ballard','Wyoming','2014-12-04','2014-12-21')
INSERT INTO Reservation.tblChambreReservationChambre VALUES (1046,1046,1,'Berry','Reece','2014-12-02','2014-12-20')
INSERT INTO Reservation.tblChambreReservationChambre VALUES (1047,1047,3,'Talley','Barbara','2014-12-07','2014-12-17')
INSERT INTO Reservation.tblChambreReservationChambre VALUES (1048,1048,2,'Nixon','Cassady','2014-12-01','2014-12-19')
INSERT INTO Reservation.tblChambreReservationChambre VALUES (1049,1049,5,'Henderson','Veronica','2014-12-06','2014-12-19')
INSERT INTO Reservation.tblChambreReservationChambre VALUES (1050,1050,3,'Noble','Jamalia','2014-12-03','2014-12-16')
INSERT INTO Reservation.tblChambreReservationChambre VALUES (1051,1051,3,'Schwartz','Roanna','2014-12-04','2014-12-16')
INSERT INTO Reservation.tblChambreReservationChambre VALUES (1052,1052,1,'Yang','Rhoda','2014-12-04','2014-12-21')
INSERT INTO Reservation.tblChambreReservationChambre VALUES (1053,1053,4,'Abbott','Justin','2014-12-01','2014-12-15')
INSERT INTO Reservation.tblChambreReservationChambre VALUES (1054,1054,3,'Holmes','Aphrodite','2014-12-03','2014-12-21')
INSERT INTO Reservation.tblChambreReservationChambre VALUES (1055,1055,3,'Reed','Karina','2014-12-04','2014-12-15')
INSERT INTO Reservation.tblChambreReservationChambre VALUES (1056,1056,4,'Rose','Christine','2014-12-04','2014-12-21')
INSERT INTO Reservation.tblChambreReservationChambre VALUES (1057,1057,5,'Morgan','Knox','2014-12-01','2014-12-16')
INSERT INTO Reservation.tblChambreReservationChambre VALUES (1058,1058,3,'Forbes','Alden','2014-12-06','2014-12-21')
INSERT INTO Reservation.tblChambreReservationChambre VALUES (1059,1059,5,'Mcdowell','Mari','2014-12-04','2014-12-17')
INSERT INTO Reservation.tblChambreReservationChambre VALUES (1060,1060,5,'Neal','Jescie','2014-12-03','2014-12-18')
INSERT INTO Reservation.tblChambreReservationChambre VALUES (1061,1061,2,'Boone','Yuri','2014-12-03','2014-12-20')
INSERT INTO Reservation.tblChambreReservationChambre VALUES (1062,1062,5,'Joseph','Asher','2014-12-05','2014-12-21')
INSERT INTO Reservation.tblChambreReservationChambre VALUES (1063,1063,5,'Parsons','Karleigh','2014-12-03','2014-12-17')
INSERT INTO Reservation.tblChambreReservationChambre VALUES (1064,1064,4,'Lee','Ifeoma','2014-12-03','2014-12-19')
INSERT INTO Reservation.tblChambreReservationChambre VALUES (1065,1065,4,'Morrison','Lee','2014-12-03','2014-12-21')
INSERT INTO Reservation.tblChambreReservationChambre VALUES (1066,1066,5,'Jennings','Julian','2014-12-02','2014-12-16')
INSERT INTO Reservation.tblChambreReservationChambre VALUES (1067,1067,2,'Chandler','Hasad','2014-12-04','2014-12-16')
INSERT INTO Reservation.tblChambreReservationChambre VALUES (1068,1068,5,'Horton','Lesley','2014-12-03','2014-12-17')
INSERT INTO Reservation.tblChambreReservationChambre VALUES (1069,1069,1,'Davenport','Sage','2014-12-05','2014-12-21')
INSERT INTO Reservation.tblChambreReservationChambre VALUES (1070,1070,3,'Dyer','Shana','2014-12-04','2014-12-17')
INSERT INTO Reservation.tblChambreReservationChambre VALUES (1071,1071,5,'Schwartz','Henry','2014-12-04','2014-12-19')
INSERT INTO Reservation.tblChambreReservationChambre VALUES (1072,1072,2,'Gomez','Kasimir','2014-12-02','2014-12-16')
INSERT INTO Reservation.tblChambreReservationChambre VALUES (1073,1073,4,'Day','Fiona','2014-12-07','2014-12-15')
INSERT INTO Reservation.tblChambreReservationChambre VALUES (1074,1074,4,'Church','Claudia','2014-12-07','2014-12-18')
INSERT INTO Reservation.tblChambreReservationChambre VALUES (1075,1075,4,'Hammond','Olga','2014-12-04','2014-12-18')
INSERT INTO Reservation.tblChambreReservationChambre VALUES (1076,1076,1,'Barry','Emerald','2014-12-02','2014-12-20')
INSERT INTO Reservation.tblChambreReservationChambre VALUES (1077,1077,2,'Reynolds','Giacomo','2014-12-01','2014-12-16')
INSERT INTO Reservation.tblChambreReservationChambre VALUES (1078,1078,3,'Lester','Kim','2014-12-07','2014-12-21')
INSERT INTO Reservation.tblChambreReservationChambre VALUES (1079,1079,4,'Webster','Galena','2014-12-01','2014-12-15')
INSERT INTO Reservation.tblChambreReservationChambre VALUES (1080,1080,1,'Holland','Charles','2014-12-04','2014-12-18')
INSERT INTO Reservation.tblChambreReservationChambre VALUES (1081,1081,5,'Parrish','Harper','2014-12-03','2014-12-21')
INSERT INTO Reservation.tblChambreReservationChambre VALUES (1082,1082,3,'Reilly','Brady','2014-12-06','2014-12-18')
INSERT INTO Reservation.tblChambreReservationChambre VALUES (1083,1083,5,'Suarez','Merrill','2014-12-03','2014-12-19')
INSERT INTO Reservation.tblChambreReservationChambre VALUES (1084,1084,2,'Boyle','Callie','2014-12-03','2014-12-18')
INSERT INTO Reservation.tblChambreReservationChambre VALUES (1085,1085,2,'Butler','Octavius','2014-12-02','2014-12-18')
INSERT INTO Reservation.tblChambreReservationChambre VALUES (1086,1086,3,'Steele','Aimee','2014-12-02','2014-12-19')
INSERT INTO Reservation.tblChambreReservationChambre VALUES (1087,1087,5,'Duran','Germaine','2014-12-04','2014-12-18')
INSERT INTO Reservation.tblChambreReservationChambre VALUES (1088,1088,1,'Wright','Hector','2014-12-01','2014-12-15')
INSERT INTO Reservation.tblChambreReservationChambre VALUES (1089,1089,1,'Wood','Alec','2014-12-05','2014-12-15')
INSERT INTO Reservation.tblChambreReservationChambre VALUES (1090,1090,2,'Burris','Berk','2014-12-06','2014-12-19')
INSERT INTO Reservation.tblChambreReservationChambre VALUES (1091,1091,1,'Haley','Quinlan','2014-12-02','2014-12-19')
INSERT INTO Reservation.tblChambreReservationChambre VALUES (1092,1092,4,'Robbins','Gareth','2014-12-04','2014-12-16')
INSERT INTO Reservation.tblChambreReservationChambre VALUES (1093,1093,1,'Coffey','Jolene','2014-12-03','2014-12-19')
INSERT INTO Reservation.tblChambreReservationChambre VALUES (1094,1094,2,'French','Lydia','2014-12-04','2014-12-21')
INSERT INTO Reservation.tblChambreReservationChambre VALUES (1095,1095,2,'Workman','Chloe','2014-12-06','2014-12-20')
INSERT INTO Reservation.tblChambreReservationChambre VALUES (1096,1096,1,'Cobb','Abdul','2014-12-05','2014-12-16')
INSERT INTO Reservation.tblChambreReservationChambre VALUES (1097,1097,1,'Browning','Dai','2014-12-06','2014-12-17')
INSERT INTO Reservation.tblChambreReservationChambre VALUES (1098,1098,5,'Pate','Isadora','2014-12-07','2014-12-19')
INSERT INTO Reservation.tblChambreReservationChambre VALUES (1099,1099,3,'Woods','Wyoming','2014-12-02','2014-12-18')
GO

PRINT('Chargement Reservation.tblFacture')
GO
INSERT INTO Reservation.tblFacture (MontantFacture, TypeFacture, NoSeqReservChambre, NoEmploye) VALUES (NULL, 'Restaurant', '1000','1000')
INSERT INTO Reservation.tblFacture (MontantFacture, TypeFacture, NoSeqReservChambre, NoEmploye) VALUES (NULL, 'Cuisine', '1001','1001')
INSERT INTO Reservation.tblFacture (MontantFacture, TypeFacture, NoSeqReservChambre, NoEmploye) VALUES (NULL, 'Spa', '1002','1002')
INSERT INTO Reservation.tblFacture (MontantFacture, TypeFacture, NoSeqReservChambre, NoEmploye) VALUES (NULL, 'Restaurant', '1003','1003')
INSERT INTO Reservation.tblFacture (MontantFacture, TypeFacture, NoSeqReservChambre, NoEmploye) VALUES (NULL, 'Cuisine', '1004','1004')
INSERT INTO Reservation.tblFacture (MontantFacture, TypeFacture, NoSeqReservChambre, NoEmploye) VALUES (NULL, 'Spa', '1005','1005')
INSERT INTO Reservation.tblFacture (MontantFacture, TypeFacture, NoSeqReservChambre, NoEmploye) VALUES (NULL, 'Restaurant', '1006','1006')
INSERT INTO Reservation.tblFacture (MontantFacture, TypeFacture, NoSeqReservChambre, NoEmploye) VALUES (NULL, 'Cuisine', '1007','1007')
INSERT INTO Reservation.tblFacture (MontantFacture, TypeFacture, NoSeqReservChambre, NoEmploye) VALUES (NULL, 'Spa', '1008','1008')
INSERT INTO Reservation.tblFacture (MontantFacture, TypeFacture, NoSeqReservChambre, NoEmploye) VALUES (NULL, 'Restaurant', '1009','1009')
INSERT INTO Reservation.tblFacture (MontantFacture, TypeFacture, NoSeqReservChambre, NoEmploye) VALUES (NULL, 'Cuisine', '1010','1010')
INSERT INTO Reservation.tblFacture (MontantFacture, TypeFacture, NoSeqReservChambre, NoEmploye) VALUES (NULL, 'Spa', '1011','1011')
INSERT INTO Reservation.tblFacture (MontantFacture, TypeFacture, NoSeqReservChambre, NoEmploye) VALUES (NULL, 'Restaurant', '1012','1012')
INSERT INTO Reservation.tblFacture (MontantFacture, TypeFacture, NoSeqReservChambre, NoEmploye) VALUES (NULL, 'Cuisine', '1013','1013')
INSERT INTO Reservation.tblFacture (MontantFacture, TypeFacture, NoSeqReservChambre, NoEmploye) VALUES (NULL, 'Spa', '1014','1014')
INSERT INTO Reservation.tblFacture (MontantFacture, TypeFacture, NoSeqReservChambre, NoEmploye) VALUES (NULL, 'Restaurant', '1015','1015')
INSERT INTO Reservation.tblFacture (MontantFacture, TypeFacture, NoSeqReservChambre, NoEmploye) VALUES (NULL, 'Cuisine', '1016','1016')
INSERT INTO Reservation.tblFacture (MontantFacture, TypeFacture, NoSeqReservChambre, NoEmploye) VALUES (NULL, 'Spa', '1017','1017')
INSERT INTO Reservation.tblFacture (MontantFacture, TypeFacture, NoSeqReservChambre, NoEmploye) VALUES (NULL, 'Restaurant', '1018','1018')
INSERT INTO Reservation.tblFacture (MontantFacture, TypeFacture, NoSeqReservChambre, NoEmploye) VALUES (NULL, 'Cuisine', '1019','1019')
GO


PRINT('Chargement Reservation.tblForfait')
GO
INSERT INTO Reservation.tblForfait (codeForfait, NomForfait, PrixForfait, DescForfait, NbNuit) VALUES('FOR1','Forfait1',20.00,'Forfait Gastronomique',2)
INSERT INTO Reservation.tblForfait (codeForfait, NomForfait, PrixForfait, DescForfait, NbNuit) VALUES('FOR2','Forfait2',20.00,'Forfait Ski',2)
INSERT INTO Reservation.tblForfait (codeForfait, NomForfait, PrixForfait, DescForfait, NbNuit) VALUES('FOR3','Forfait3',20.00,'Forfait Planche a neige',2)
INSERT INTO Reservation.tblForfait (codeForfait, NomForfait, PrixForfait, DescForfait, NbNuit) VALUES('FOR4','Forfait4',20.00,'Forfait Motoneige',2)
INSERT INTO Reservation.tblForfait (codeForfait, NomForfait, PrixForfait, DescForfait, NbNuit) VALUES('FOR5','Forfait5',20.00,'Forfait Kayak',2)
INSERT INTO Reservation.tblForfait (codeForfait, NomForfait, PrixForfait, DescForfait, NbNuit) VALUES('FOR6','Forfait6',20.00,'Forfait Canoe',2)
INSERT INTO Reservation.tblForfait (codeForfait, NomForfait, PrixForfait, DescForfait, NbNuit) VALUES('FOR7','Forfait7',20.00,'Forfait Sport',2)
INSERT INTO Reservation.tblForfait (codeForfait, NomForfait, PrixForfait, DescForfait, NbNuit) VALUES('FOR8','Forfait8',20.00,'Forfait Bateau',2)
INSERT INTO Reservation.tblForfait (codeForfait, NomForfait, PrixForfait, DescForfait, NbNuit) VALUES('FOR9','Forfait9',20.00,'Forfait Camping',2)
INSERT INTO Reservation.tblForfait (codeForfait, NomForfait, PrixForfait, DescForfait, NbNuit) VALUES('FOR10','Forfait10',20.00,'Forfait Hiver',2)
INSERT INTO Reservation.tblForfait (codeForfait, NomForfait, PrixForfait, DescForfait, NbNuit) VALUES('FOR11','Forfait11',20.00,'Forfait Ete',2)
INSERT INTO Reservation.tblForfait (codeForfait, NomForfait, PrixForfait, DescForfait, NbNuit) VALUES('FOR12','Forfait12',20.00,'Forfait Automne',2)
INSERT INTO Reservation.tblForfait (codeForfait, NomForfait, PrixForfait, DescForfait, NbNuit) VALUES('FOR13','Forfait13',20.00,'Forfait Printemp',2)
INSERT INTO Reservation.tblForfait (codeForfait, NomForfait, PrixForfait, DescForfait, NbNuit) VALUES('FOR14','Forfait14',20.00,'Forfait Voilier',2)
INSERT INTO Reservation.tblForfait (codeForfait, NomForfait, PrixForfait, DescForfait, NbNuit) VALUES('FOR15','Forfait15',20.00,'Forfait Patin',2)
INSERT INTO Reservation.tblForfait (codeForfait, NomForfait, PrixForfait, DescForfait, NbNuit) VALUES('FOR16','Forfait16',20.00,'Forfait Tennis',2)
INSERT INTO Reservation.tblForfait (codeForfait, NomForfait, PrixForfait, DescForfait, NbNuit) VALUES('FOR17','Forfait17',20.00,'Forfait Golf',2)
INSERT INTO Reservation.tblForfait (codeForfait, NomForfait, PrixForfait, DescForfait, NbNuit) VALUES('FOR18','Forfait18',20.00,'Forfait Plage',2)
INSERT INTO Reservation.tblForfait (codeForfait, NomForfait, PrixForfait, DescForfait, NbNuit) VALUES('FOR19','Forfait19',20.00,'Forfait Couple',2)
INSERT INTO Reservation.tblForfait (codeForfait, NomForfait, PrixForfait, DescForfait, NbNuit) VALUES('FOR20','Forfait20',20.00,'Forfait Famille',2)
GO


PRINT('Chargement Reservation.tblForfaitTypeChambre')
GO
INSERT INTO Reservation.tblForfaitTypeChambre VALUES ('STD', 'FOR1')
INSERT INTO Reservation.tblForfaitTypeChambre VALUES ('LUX', 'FOR2')
INSERT INTO Reservation.tblForfaitTypeChambre VALUES ('SUI', 'FOR3')
INSERT INTO Reservation.tblForfaitTypeChambre VALUES ('STD', 'FOR4')
INSERT INTO Reservation.tblForfaitTypeChambre VALUES ('LUX', 'FOR5')
INSERT INTO Reservation.tblForfaitTypeChambre VALUES ('SUI', 'FOR6')
INSERT INTO Reservation.tblForfaitTypeChambre VALUES ('STD', 'FOR7')
INSERT INTO Reservation.tblForfaitTypeChambre VALUES ('LUX', 'FOR8')
INSERT INTO Reservation.tblForfaitTypeChambre VALUES ('SUI', 'FOR9')
INSERT INTO Reservation.tblForfaitTypeChambre VALUES ('STD', 'FOR10')
INSERT INTO Reservation.tblForfaitTypeChambre VALUES ('LUX', 'FOR11')
INSERT INTO Reservation.tblForfaitTypeChambre VALUES ('SUI', 'FOR12')
INSERT INTO Reservation.tblForfaitTypeChambre VALUES ('STD', 'FOR13')
INSERT INTO Reservation.tblForfaitTypeChambre VALUES ('LUX', 'FOR14')
INSERT INTO Reservation.tblForfaitTypeChambre VALUES ('SUI', 'FOR15')
INSERT INTO Reservation.tblForfaitTypeChambre VALUES ('STD', 'FOR16')
INSERT INTO Reservation.tblForfaitTypeChambre VALUES ('LUX', 'FOR17')
INSERT INTO Reservation.tblForfaitTypeChambre VALUES ('SUI', 'FOR18')
INSERT INTO Reservation.tblForfaitTypeChambre VALUES ('STD', 'FOR19')
INSERT INTO Reservation.tblForfaitTypeChambre VALUES ('LUX', 'FOR20')
GO


PRINT('Chargement Reservation.tblEquipementGeneriqueChambre')
GO
INSERT INTO Reservation.tblEquipementGeneriqueChambre VALUES ('LAM', 'Lampe')
INSERT INTO Reservation.tblEquipementGeneriqueChambre VALUES ('DRA', 'Drap')
INSERT INTO Reservation.tblEquipementGeneriqueChambre VALUES ('TBB', 'Table basse')
INSERT INTO Reservation.tblEquipementGeneriqueChambre VALUES ('TAB', 'Table')
INSERT INTO Reservation.tblEquipementGeneriqueChambre VALUES ('TEL', 'Téléphone')
INSERT INTO Reservation.tblEquipementGeneriqueChambre VALUES ('TLV', 'Télévision')
INSERT INTO Reservation.tblEquipementGeneriqueChambre VALUES ('RDX', 'Rideau')
INSERT INTO Reservation.tblEquipementGeneriqueChambre VALUES ('AMP', 'Ampoule')
INSERT INTO Reservation.tblEquipementGeneriqueChambre VALUES ('CHS', 'Chaise')
INSERT INTO Reservation.tblEquipementGeneriqueChambre VALUES ('TPS', 'Tapis')
INSERT INTO Reservation.tblEquipementGeneriqueChambre VALUES ('COU', 'Couette')
INSERT INTO Reservation.tblEquipementGeneriqueChambre VALUES ('ORL', 'Oreiller')
INSERT INTO Reservation.tblEquipementGeneriqueChambre VALUES ('COR', 'Couvre-oreiller')
INSERT INTO Reservation.tblEquipementGeneriqueChambre VALUES ('CML', 'Couvre-matelas')
INSERT INTO Reservation.tblEquipementGeneriqueChambre VALUES ('COV', 'Couverture')
INSERT INTO Reservation.tblEquipementGeneriqueChambre VALUES ('GLD', 'Gel douche')
INSERT INTO Reservation.tblEquipementGeneriqueChambre VALUES ('SHP', 'Shampoing')
INSERT INTO Reservation.tblEquipementGeneriqueChambre VALUES ('LOT', 'Lotion')
INSERT INTO Reservation.tblEquipementGeneriqueChambre VALUES ('SRV', 'Serviette')
INSERT INTO Reservation.tblEquipementGeneriqueChambre VALUES ('THE', 'Théière')
INSERT INTO Reservation.tblEquipementGeneriqueChambre VALUES ('TAS', 'Tasse')
INSERT INTO Reservation.tblEquipementGeneriqueChambre VALUES ('CAF', 'Cafetière')
INSERT INTO Reservation.tblEquipementGeneriqueChambre VALUES ('LPD', 'Lampadaire')
INSERT INTO Reservation.tblEquipementGeneriqueChambre VALUES ('PRL', 'Porte rouleaux')
INSERT INTO Reservation.tblEquipementGeneriqueChambre VALUES ('PTL', 'Papier toilette')
INSERT INTO Reservation.tblEquipementGeneriqueChambre VALUES ('PTS','Porte serviettes')
INSERT INTO Reservation.tblEquipementGeneriqueChambre VALUES ('VRR', 'Verres')
INSERT INTO Reservation.tblEquipementGeneriqueChambre VALUES ('SCH', 'Sèche cheveux')
INSERT INTO Reservation.tblEquipementGeneriqueChambre VALUES ('POU', 'Poubelle')
INSERT INTO Reservation.tblEquipementGeneriqueChambre VALUES ('CIN', 'Cintre')
INSERT INTO Reservation.tblEquipementGeneriqueChambre VALUES ('JAC', 'Jaccuzie')
INSERT INTO Reservation.tblEquipementGeneriqueChambre VALUES ('FAU', 'Fauteuil')
INSERT INTO Reservation.tblEquipementGeneriqueChambre VALUES ('PGN', 'Peignoir')
GO



PRINT('Chargement Reservation.tblEquipementGeneriqueTypeChambre')
GO
INSERT INTO Reservation.tblEquipementGeneriqueTypeChambre VALUES ('STD', 'LAM')
INSERT INTO Reservation.tblEquipementGeneriqueTypeChambre VALUES ('STD', 'DRA')
INSERT INTO Reservation.tblEquipementGeneriqueTypeChambre VALUES ('STD', 'TBB')
INSERT INTO Reservation.tblEquipementGeneriqueTypeChambre VALUES ('STD', 'TAB')
INSERT INTO Reservation.tblEquipementGeneriqueTypeChambre VALUES ('STD', 'TEL')
INSERT INTO Reservation.tblEquipementGeneriqueTypeChambre VALUES ('STD', 'TLV')
INSERT INTO Reservation.tblEquipementGeneriqueTypeChambre VALUES ('STD', 'RDX')
INSERT INTO Reservation.tblEquipementGeneriqueTypeChambre VALUES ('STD', 'AMP')
INSERT INTO Reservation.tblEquipementGeneriqueTypeChambre VALUES ('STD', 'CHS')
INSERT INTO Reservation.tblEquipementGeneriqueTypeChambre VALUES ('STD', 'TPS')
INSERT INTO Reservation.tblEquipementGeneriqueTypeChambre VALUES ('STD', 'COU')
INSERT INTO Reservation.tblEquipementGeneriqueTypeChambre VALUES ('STD', 'ORL')
INSERT INTO Reservation.tblEquipementGeneriqueTypeChambre VALUES ('STD', 'COR')
INSERT INTO Reservation.tblEquipementGeneriqueTypeChambre VALUES ('STD', 'CML')
INSERT INTO Reservation.tblEquipementGeneriqueTypeChambre VALUES ('STD', 'COV')
INSERT INTO Reservation.tblEquipementGeneriqueTypeChambre VALUES ('STD', 'GLD')
INSERT INTO Reservation.tblEquipementGeneriqueTypeChambre VALUES ('STD', 'SHP')
INSERT INTO Reservation.tblEquipementGeneriqueTypeChambre VALUES ('STD', 'LOT')
INSERT INTO Reservation.tblEquipementGeneriqueTypeChambre VALUES ('STD', 'SRV')
INSERT INTO Reservation.tblEquipementGeneriqueTypeChambre VALUES ('STD', 'THE')
INSERT INTO Reservation.tblEquipementGeneriqueTypeChambre VALUES ('STD', 'TAS')
INSERT INTO Reservation.tblEquipementGeneriqueTypeChambre VALUES ('STD', 'CAF')
INSERT INTO Reservation.tblEquipementGeneriqueTypeChambre VALUES ('STD', 'LPD')
INSERT INTO Reservation.tblEquipementGeneriqueTypeChambre VALUES ('STD', 'PRL')
INSERT INTO Reservation.tblEquipementGeneriqueTypeChambre VALUES ('STD', 'PTL')
INSERT INTO Reservation.tblEquipementGeneriqueTypeChambre VALUES ('STD', 'PTS')
INSERT INTO Reservation.tblEquipementGeneriqueTypeChambre VALUES ('STD', 'VRR')
INSERT INTO Reservation.tblEquipementGeneriqueTypeChambre VALUES ('STD', 'SCH')
INSERT INTO Reservation.tblEquipementGeneriqueTypeChambre VALUES ('STD', 'POU')
INSERT INTO Reservation.tblEquipementGeneriqueTypeChambre VALUES ('STD', 'CIN')
INSERT INTO Reservation.tblEquipementGeneriqueTypeChambre VALUES ('LUX', 'LAM')
INSERT INTO Reservation.tblEquipementGeneriqueTypeChambre VALUES ('LUX', 'DRA')
INSERT INTO Reservation.tblEquipementGeneriqueTypeChambre VALUES ('LUX', 'TBB')
INSERT INTO Reservation.tblEquipementGeneriqueTypeChambre VALUES ('LUX', 'TAB')
INSERT INTO Reservation.tblEquipementGeneriqueTypeChambre VALUES ('LUX', 'TEL')
INSERT INTO Reservation.tblEquipementGeneriqueTypeChambre VALUES ('LUX', 'TLV')
INSERT INTO Reservation.tblEquipementGeneriqueTypeChambre VALUES ('LUX', 'RDX')
INSERT INTO Reservation.tblEquipementGeneriqueTypeChambre VALUES ('LUX', 'AMP')
INSERT INTO Reservation.tblEquipementGeneriqueTypeChambre VALUES ('LUX', 'CHS')
INSERT INTO Reservation.tblEquipementGeneriqueTypeChambre VALUES ('LUX', 'TPS')
INSERT INTO Reservation.tblEquipementGeneriqueTypeChambre VALUES ('LUX', 'COU')
INSERT INTO Reservation.tblEquipementGeneriqueTypeChambre VALUES ('LUX', 'ORL')
INSERT INTO Reservation.tblEquipementGeneriqueTypeChambre VALUES ('LUX', 'COR')
INSERT INTO Reservation.tblEquipementGeneriqueTypeChambre VALUES ('LUX', 'CML')
INSERT INTO Reservation.tblEquipementGeneriqueTypeChambre VALUES ('LUX', 'COV')
INSERT INTO Reservation.tblEquipementGeneriqueTypeChambre VALUES ('LUX', 'GLD')
INSERT INTO Reservation.tblEquipementGeneriqueTypeChambre VALUES ('LUX', 'SHP')
INSERT INTO Reservation.tblEquipementGeneriqueTypeChambre VALUES ('LUX', 'LOT')
INSERT INTO Reservation.tblEquipementGeneriqueTypeChambre VALUES ('LUX', 'SRV')
INSERT INTO Reservation.tblEquipementGeneriqueTypeChambre VALUES ('LUX', 'THE')
INSERT INTO Reservation.tblEquipementGeneriqueTypeChambre VALUES ('LUX', 'TAS')
INSERT INTO Reservation.tblEquipementGeneriqueTypeChambre VALUES ('LUX', 'CAF')
INSERT INTO Reservation.tblEquipementGeneriqueTypeChambre VALUES ('LUX', 'LPD')
INSERT INTO Reservation.tblEquipementGeneriqueTypeChambre VALUES ('LUX', 'PRL')
INSERT INTO Reservation.tblEquipementGeneriqueTypeChambre VALUES ('LUX', 'PTL')
INSERT INTO Reservation.tblEquipementGeneriqueTypeChambre VALUES ('LUX', 'PTS')
INSERT INTO Reservation.tblEquipementGeneriqueTypeChambre VALUES ('LUX', 'VRR')
INSERT INTO Reservation.tblEquipementGeneriqueTypeChambre VALUES ('LUX', 'SCH')
INSERT INTO Reservation.tblEquipementGeneriqueTypeChambre VALUES ('LUX', 'POU')
INSERT INTO Reservation.tblEquipementGeneriqueTypeChambre VALUES ('LUX', 'CIN')
INSERT INTO Reservation.tblEquipementGeneriqueTypeChambre VALUES ('SUI', 'LAM')
INSERT INTO Reservation.tblEquipementGeneriqueTypeChambre VALUES ('SUI', 'DRA')
INSERT INTO Reservation.tblEquipementGeneriqueTypeChambre VALUES ('SUI', 'TBB')
INSERT INTO Reservation.tblEquipementGeneriqueTypeChambre VALUES ('SUI', 'TAB')
INSERT INTO Reservation.tblEquipementGeneriqueTypeChambre VALUES ('SUI', 'TEL')
INSERT INTO Reservation.tblEquipementGeneriqueTypeChambre VALUES ('SUI', 'TLV')
INSERT INTO Reservation.tblEquipementGeneriqueTypeChambre VALUES ('SUI', 'RDX')
INSERT INTO Reservation.tblEquipementGeneriqueTypeChambre VALUES ('SUI', 'AMP')
INSERT INTO Reservation.tblEquipementGeneriqueTypeChambre VALUES ('SUI', 'CHS')
INSERT INTO Reservation.tblEquipementGeneriqueTypeChambre VALUES ('SUI', 'TPS')
INSERT INTO Reservation.tblEquipementGeneriqueTypeChambre VALUES ('SUI', 'COU')
INSERT INTO Reservation.tblEquipementGeneriqueTypeChambre VALUES ('SUI', 'ORL')
INSERT INTO Reservation.tblEquipementGeneriqueTypeChambre VALUES ('SUI', 'COR')
INSERT INTO Reservation.tblEquipementGeneriqueTypeChambre VALUES ('SUI', 'CML')
INSERT INTO Reservation.tblEquipementGeneriqueTypeChambre VALUES ('SUI', 'COV')
INSERT INTO Reservation.tblEquipementGeneriqueTypeChambre VALUES ('SUI', 'GLD')
INSERT INTO Reservation.tblEquipementGeneriqueTypeChambre VALUES ('SUI', 'SHP')
INSERT INTO Reservation.tblEquipementGeneriqueTypeChambre VALUES ('SUI', 'LOT')
INSERT INTO Reservation.tblEquipementGeneriqueTypeChambre VALUES ('SUI', 'SRV')
INSERT INTO Reservation.tblEquipementGeneriqueTypeChambre VALUES ('SUI', 'THE')
INSERT INTO Reservation.tblEquipementGeneriqueTypeChambre VALUES ('SUI', 'TAS')
INSERT INTO Reservation.tblEquipementGeneriqueTypeChambre VALUES ('SUI', 'CAF')
INSERT INTO Reservation.tblEquipementGeneriqueTypeChambre VALUES ('SUI', 'LPD')
INSERT INTO Reservation.tblEquipementGeneriqueTypeChambre VALUES ('SUI', 'PRL')
INSERT INTO Reservation.tblEquipementGeneriqueTypeChambre VALUES ('SUI', 'PTL')
INSERT INTO Reservation.tblEquipementGeneriqueTypeChambre VALUES ('SUI', 'PTS')
INSERT INTO Reservation.tblEquipementGeneriqueTypeChambre VALUES ('SUI', 'VRR')
INSERT INTO Reservation.tblEquipementGeneriqueTypeChambre VALUES ('SUI', 'SCH')
INSERT INTO Reservation.tblEquipementGeneriqueTypeChambre VALUES ('SUI', 'POU')
INSERT INTO Reservation.tblEquipementGeneriqueTypeChambre VALUES ('SUI', 'CIN')
INSERT INTO Reservation.tblEquipementGeneriqueTypeChambre VALUES ('SUI', 'JAC')
INSERT INTO Reservation.tblEquipementGeneriqueTypeChambre VALUES ('SUI', 'FAU')
INSERT INTO Reservation.tblEquipementGeneriqueTypeChambre VALUES ('SUI', 'PGN')
GO


PRINT('Chargement Reservation.tblEquipementRecreatif')
GO
INSERT INTO Reservation.tblEquipementRecreatif (codeEquipementRecreatif, nomEquipement, categorieEquipement, dateAquisition, dateFinGarantie) VALUES('KAYA','Kayak','ete','2010/01/01','2020/10/10')
INSERT INTO Reservation.tblEquipementRecreatif (codeEquipementRecreatif, nomEquipement, categorieEquipement, dateAquisition, dateFinGarantie) VALUES('CANO','Canoe','ete','2010/01/01','2020/10/10')
INSERT INTO Reservation.tblEquipementRecreatif (codeEquipementRecreatif, nomEquipement, categorieEquipement, dateAquisition, dateFinGarantie) VALUES('MOTN','Motoneige','hiver','2010/01/01','2020/10/10')
INSERT INTO Reservation.tblEquipementRecreatif (codeEquipementRecreatif, nomEquipement, categorieEquipement, dateAquisition, dateFinGarantie) VALUES('BICY','Bicyclette','ete','2010/01/01','2020/10/10')
INSERT INTO Reservation.tblEquipementRecreatif (codeEquipementRecreatif, nomEquipement, categorieEquipement, dateAquisition, dateFinGarantie) VALUES('PATI','Patin','hiver','2010/01/01','2020/10/10')
INSERT INTO Reservation.tblEquipementRecreatif (codeEquipementRecreatif, nomEquipement, categorieEquipement, dateAquisition, dateFinGarantie) VALUES('MOTM','Motomarine','ete','2010/01/01','2020/10/10')
INSERT INTO Reservation.tblEquipementRecreatif (codeEquipementRecreatif, nomEquipement, categorieEquipement, dateAquisition, dateFinGarantie) VALUES('QUAD','Quad','ete','2010/01/01','2020/10/10')
INSERT INTO Reservation.tblEquipementRecreatif (codeEquipementRecreatif, nomEquipement, categorieEquipement, dateAquisition, dateFinGarantie) VALUES('SKI','Ski','hiver','2010/01/01','2020/10/10')
INSERT INTO Reservation.tblEquipementRecreatif (codeEquipementRecreatif, nomEquipement, categorieEquipement, dateAquisition, dateFinGarantie) VALUES('PLAN','Planche à neige','hiver','2010/01/01','2020/10/10')
INSERT INTO Reservation.tblEquipementRecreatif (codeEquipementRecreatif, nomEquipement, categorieEquipement, dateAquisition, dateFinGarantie) VALUES('BOTS','Bottes de ski','hiver','2010/01/01','2020/10/10')
INSERT INTO Reservation.tblEquipementRecreatif (codeEquipementRecreatif, nomEquipement, categorieEquipement, dateAquisition, dateFinGarantie) VALUES('EQUP','Equipement de plongé','ete','2010/01/01','2020/10/10')
INSERT INTO Reservation.tblEquipementRecreatif (codeEquipementRecreatif, nomEquipement, categorieEquipement, dateAquisition, dateFinGarantie) VALUES('RAQT','Raquette de tennis','ete','2010/01/01','2020/10/10')
INSERT INTO Reservation.tblEquipementRecreatif (codeEquipementRecreatif, nomEquipement, categorieEquipement, dateAquisition, dateFinGarantie) VALUES('TENT','Tente','ete','2010/01/01','2020/10/10')
INSERT INTO Reservation.tblEquipementRecreatif (codeEquipementRecreatif, nomEquipement, categorieEquipement, dateAquisition, dateFinGarantie) VALUES('BATG','Baton de golf','ete','2010/01/01','2020/10/10')
INSERT INTO Reservation.tblEquipementRecreatif (codeEquipementRecreatif, nomEquipement, categorieEquipement, dateAquisition, dateFinGarantie) VALUES('GILS','Gilet de sauvetage','ete','2010/01/01','2020/10/10')
INSERT INTO Reservation.tblEquipementRecreatif (codeEquipementRecreatif, nomEquipement, categorieEquipement, dateAquisition, dateFinGarantie) VALUES('PARA','Parasol','ete','2010/01/01','2020/10/10')
INSERT INTO Reservation.tblEquipementRecreatif (codeEquipementRecreatif, nomEquipement, categorieEquipement, dateAquisition, dateFinGarantie) VALUES('CASS','Casque de ski','ete','2010/01/01','2020/10/10')
INSERT INTO Reservation.tblEquipementRecreatif (codeEquipementRecreatif, nomEquipement, categorieEquipement, dateAquisition, dateFinGarantie) VALUES('LUNS','Lunettes de ski','ete','2010/01/01','2020/10/10')
INSERT INTO Reservation.tblEquipementRecreatif (codeEquipementRecreatif, nomEquipement, categorieEquipement, dateAquisition, dateFinGarantie) VALUES('PAGA','Pagaie','ete','2010/01/01','2020/10/10')
INSERT INTO Reservation.tblEquipementRecreatif (codeEquipementRecreatif, nomEquipement, categorieEquipement, dateAquisition, dateFinGarantie) VALUES('VOIL','Voilier','ete','2010/01/01','2020/10/10')
GO


PRINT('Chargement Reservation.tblEquipementRecreatifHotel')
GO
INSERT INTO Reservation.tblEquipementRecreatifHotel (codeEquipementRecreatif, codeHotel, QuantiteEquipement) VALUES('KAYA','HMR',2)
INSERT INTO Reservation.tblEquipementRecreatifHotel (codeEquipementRecreatif, codeHotel, QuantiteEquipement) VALUES('CANO','HMR',2)
INSERT INTO Reservation.tblEquipementRecreatifHotel (codeEquipementRecreatif, codeHotel, QuantiteEquipement) VALUES('MOTN','HJC',2)
INSERT INTO Reservation.tblEquipementRecreatifHotel (codeEquipementRecreatif, codeHotel, QuantiteEquipement) VALUES('BICY','HJC',2)
INSERT INTO Reservation.tblEquipementRecreatifHotel (codeEquipementRecreatif, codeHotel, QuantiteEquipement) VALUES('PATI','HDC',2)
INSERT INTO Reservation.tblEquipementRecreatifHotel (codeEquipementRecreatif, codeHotel, QuantiteEquipement) VALUES('MOTM','HDC',2)
INSERT INTO Reservation.tblEquipementRecreatifHotel (codeEquipementRecreatif, codeHotel, QuantiteEquipement) VALUES('QUAD','HSA',2)
INSERT INTO Reservation.tblEquipementRecreatifHotel (codeEquipementRecreatif, codeHotel, QuantiteEquipement) VALUES('SKI','HSA',2)
INSERT INTO Reservation.tblEquipementRecreatifHotel (codeEquipementRecreatif, codeHotel, QuantiteEquipement) VALUES('PLAN','HDT',2)
INSERT INTO Reservation.tblEquipementRecreatifHotel (codeEquipementRecreatif, codeHotel, QuantiteEquipement) VALUES('BOTS','HDT',2)
INSERT INTO Reservation.tblEquipementRecreatifHotel (codeEquipementRecreatif, codeHotel, QuantiteEquipement) VALUES('EQUP','HDB',2)
INSERT INTO Reservation.tblEquipementRecreatifHotel (codeEquipementRecreatif, codeHotel, QuantiteEquipement) VALUES('RAQT','HDB',2)
INSERT INTO Reservation.tblEquipementRecreatifHotel (codeEquipementRecreatif, codeHotel, QuantiteEquipement) VALUES('TENT','HME',2)
INSERT INTO Reservation.tblEquipementRecreatifHotel (codeEquipementRecreatif, codeHotel, QuantiteEquipement) VALUES('BATG','HME',2)
INSERT INTO Reservation.tblEquipementRecreatifHotel (codeEquipementRecreatif, codeHotel, QuantiteEquipement) VALUES('GILS','HBE',2)
INSERT INTO Reservation.tblEquipementRecreatifHotel (codeEquipementRecreatif, codeHotel, QuantiteEquipement) VALUES('PARA','HBE',2)
INSERT INTO Reservation.tblEquipementRecreatifHotel (codeEquipementRecreatif, codeHotel, QuantiteEquipement) VALUES('CASS','HGC',2)
INSERT INTO Reservation.tblEquipementRecreatifHotel (codeEquipementRecreatif, codeHotel, QuantiteEquipement) VALUES('LUNS','HGC',2)
INSERT INTO Reservation.tblEquipementRecreatifHotel (codeEquipementRecreatif, codeHotel, QuantiteEquipement) VALUES('PAGA','HRN',2)
INSERT INTO Reservation.tblEquipementRecreatifHotel (codeEquipementRecreatif, codeHotel, QuantiteEquipement) VALUES('VOIL','HRN',2)
GO


PRINT('Chargement Reservation.tblEquipementRecreatifForfait')
GO
INSERT INTO Reservation.tblEquipementRecreatifForfait (codeForfait, codeEquipementRecreatif) VALUES('FOR1','KAYA')
INSERT INTO Reservation.tblEquipementRecreatifForfait (codeForfait, codeEquipementRecreatif) VALUES('FOR2','CANO')
INSERT INTO Reservation.tblEquipementRecreatifForfait (codeForfait, codeEquipementRecreatif) VALUES('FOR3','MOTN')
INSERT INTO Reservation.tblEquipementRecreatifForfait (codeForfait, codeEquipementRecreatif) VALUES('FOR4','BICY')
INSERT INTO Reservation.tblEquipementRecreatifForfait (codeForfait, codeEquipementRecreatif) VALUES('FOR5','PATI')
INSERT INTO Reservation.tblEquipementRecreatifForfait (codeForfait, codeEquipementRecreatif) VALUES('FOR6','MOTM')
INSERT INTO Reservation.tblEquipementRecreatifForfait (codeForfait, codeEquipementRecreatif) VALUES('FOR7','QUAD')
INSERT INTO Reservation.tblEquipementRecreatifForfait (codeForfait, codeEquipementRecreatif) VALUES('FOR8','SKI')
INSERT INTO Reservation.tblEquipementRecreatifForfait (codeForfait, codeEquipementRecreatif) VALUES('FOR9','PLAN')
INSERT INTO Reservation.tblEquipementRecreatifForfait (codeForfait, codeEquipementRecreatif) VALUES('FOR10','BOTS')
INSERT INTO Reservation.tblEquipementRecreatifForfait (codeForfait, codeEquipementRecreatif) VALUES('FOR11','EQUP')
INSERT INTO Reservation.tblEquipementRecreatifForfait (codeForfait, codeEquipementRecreatif) VALUES('FOR12','RAQT')
INSERT INTO Reservation.tblEquipementRecreatifForfait (codeForfait, codeEquipementRecreatif) VALUES('FOR13','TENT')
INSERT INTO Reservation.tblEquipementRecreatifForfait (codeForfait, codeEquipementRecreatif) VALUES('FOR14','BATG')
INSERT INTO Reservation.tblEquipementRecreatifForfait (codeForfait, codeEquipementRecreatif) VALUES('FOR15','GILS')
INSERT INTO Reservation.tblEquipementRecreatifForfait (codeForfait, codeEquipementRecreatif) VALUES('FOR16','PARA')
INSERT INTO Reservation.tblEquipementRecreatifForfait (codeForfait, codeEquipementRecreatif) VALUES('FOR17','CASS')
INSERT INTO Reservation.tblEquipementRecreatifForfait (codeForfait, codeEquipementRecreatif) VALUES('FOR18','LUNS')
INSERT INTO Reservation.tblEquipementRecreatifForfait (codeForfait, codeEquipementRecreatif) VALUES('FOR19','PAGA')
INSERT INTO Reservation.tblEquipementRecreatifForfait (codeForfait, codeEquipementRecreatif) VALUES('FOR20','VOIL')
GO


/**************************************** Approvisionnement / Personnel ************************************************************/

PRINT ('Chargement Approvisionnement.tblCategorieFourniture')
GO
INSERT INTO Approvisionnement.tblCategorieFourniture (CodeCategorie, NomCategorie) VALUES ('TOU', 'Tout')
INSERT INTO Approvisionnement.tblCategorieFourniture (CodeCategorie, NomCategorie) VALUES ('CHA', 'Chambre')
INSERT INTO Approvisionnement.tblCategorieFourniture (CodeCategorie, NomCategorie) VALUES ('MEU', 'Meuble')
INSERT INTO Approvisionnement.tblCategorieFourniture (CodeCategorie, NomCategorie) VALUES ('ELE', 'Electro-Ménager')
INSERT INTO Approvisionnement.tblCategorieFourniture (CodeCategorie, NomCategorie) VALUES ('DEC', 'Décoration')
INSERT INTO Approvisionnement.tblCategorieFourniture (CodeCategorie, NomCategorie) VALUES ('SDB', 'Salle de bain')
INSERT INTO Approvisionnement.tblCategorieFourniture (CodeCategorie, NomCategorie) VALUES ('AUT', 'Autres')
GO


PRINT('Chargement Approvisionnement.tblFourniture')
GO
INSERT INTO Approvisionnement.tblFourniture (CodeFourniture, DescFourniture, CodeCategorie) VALUES ('LAMP1', 'Lampe de chevet','DEC')
INSERT INTO Approvisionnement.tblFourniture (CodeFourniture, DescFourniture, CodeCategorie)  VALUES ('LAMP2', 'Lampe de table','DEC')
INSERT INTO Approvisionnement.tblFourniture (CodeFourniture, DescFourniture, CodeCategorie)  VALUES ('DRA1', 'Draps de lit','CHA')
INSERT INTO Approvisionnement.tblFourniture (CodeFourniture, DescFourniture, CodeCategorie)  VALUES ('TBB1', 'Table basse','MEU')
INSERT INTO Approvisionnement.tblFourniture (CodeFourniture, DescFourniture, CodeCategorie)  VALUES ('TAB1', 'Table salon','MEU')
INSERT INTO Approvisionnement.tblFourniture (CodeFourniture, DescFourniture, CodeCategorie)  VALUES ('TAB2', 'Table  suite','MEU')
INSERT INTO Approvisionnement.tblFourniture (CodeFourniture, DescFourniture, CodeCategorie)  VALUES ('LAMP3', 'Lampe murale','DEC')
INSERT INTO Approvisionnement.tblFourniture (CodeFourniture, DescFourniture, CodeCategorie)  VALUES ('TEL1', 'Poste téléphonique', 'ELE')
INSERT INTO Approvisionnement.tblFourniture (CodeFourniture, DescFourniture, CodeCategorie)  VALUES ('TLV1', 'Télévision LCD','ELE')
INSERT INTO Approvisionnement.tblFourniture (CodeFourniture, DescFourniture, CodeCategorie)  VALUES ('TVL2', 'Télévision LED','ELE')
INSERT INTO Approvisionnement.tblFourniture (CodeFourniture, DescFourniture, CodeCategorie)  VALUES ('RDX1', 'Rideaux de chambre','CHA')
INSERT INTO Approvisionnement.tblFourniture (CodeFourniture, DescFourniture, CodeCategorie)  VALUES ('RDX2', 'Rideaux de douche','SDB')
INSERT INTO Approvisionnement.tblFourniture (CodeFourniture, DescFourniture, CodeCategorie)  VALUES ('AMP1', 'Ampoule de salon','AUT')
INSERT INTO Approvisionnement.tblFourniture (CodeFourniture, DescFourniture, CodeCategorie)  VALUES ('AMP2', 'Ampoule de salle de bain','AUT')
INSERT INTO Approvisionnement.tblFourniture (CodeFourniture, DescFourniture, CodeCategorie)  VALUES ('CHS1', 'Premiere chaise du salon','MEU')
INSERT INTO Approvisionnement.tblFourniture (CodeFourniture, DescFourniture, CodeCategorie)  VALUES ('CHS2', 'Deuxième chaise du salon','MEU')
INSERT INTO Approvisionnement.tblFourniture (CodeFourniture, DescFourniture, CodeCategorie)  VALUES ('TPS1', 'Tapis de salon','DEC')
INSERT INTO Approvisionnement.tblFourniture (CodeFourniture, DescFourniture, CodeCategorie)  VALUES ('TPS2', 'Tapis de salle de bain','DEC')
INSERT INTO Approvisionnement.tblFourniture (CodeFourniture, DescFourniture, CodeCategorie)  VALUES ('COU1', 'Couette de lit','CHA')
INSERT INTO Approvisionnement.tblFourniture (CodeFourniture, DescFourniture, CodeCategorie)  VALUES ('ORL1', 'Premier oreiller','CHA')
INSERT INTO Approvisionnement.tblFourniture (CodeFourniture, DescFourniture, CodeCategorie)  VALUES ('ORL2', 'Deuxième oreiller','CHA')
INSERT INTO Approvisionnement.tblFourniture (CodeFourniture, DescFourniture, CodeCategorie)  VALUES ('COR1', 'Premier couvre-oreiller','CHA')
INSERT INTO Approvisionnement.tblFourniture (CodeFourniture, DescFourniture, CodeCategorie)  VALUES ('COR2', 'Deuxième couvre-oreiller','CHA')
INSERT INTO Approvisionnement.tblFourniture (CodeFourniture, DescFourniture, CodeCategorie)  VALUES ('CML1', 'Couvre-matelas du lit','CHA')
INSERT INTO Approvisionnement.tblFourniture (CodeFourniture, DescFourniture, CodeCategorie)  VALUES ('COV1', 'Couverture','CHA')
INSERT INTO Approvisionnement.tblFourniture (CodeFourniture, DescFourniture, CodeCategorie)  VALUES ('GLD1', 'Gel douche à la lavande','SDB')
INSERT INTO Approvisionnement.tblFourniture (CodeFourniture, DescFourniture, CodeCategorie)  VALUES ('GLD2', 'Gel douche à la vanille','SDB')
INSERT INTO Approvisionnement.tblFourniture (CodeFourniture, DescFourniture, CodeCategorie)  VALUES ('SHP1', 'Shampoing','SDB')
INSERT INTO Approvisionnement.tblFourniture (CodeFourniture, DescFourniture, CodeCategorie)  VALUES ('LOT1', 'Lotion pour le corps','SDB')
INSERT INTO Approvisionnement.tblFourniture (CodeFourniture, DescFourniture, CodeCategorie)  VALUES ('LOT2', 'Lotion pour les mains','SDB')
INSERT INTO Approvisionnement.tblFourniture (CodeFourniture, DescFourniture, CodeCategorie)  VALUES ('SRV1', 'Première serviette','SDB')
INSERT INTO Approvisionnement.tblFourniture (CodeFourniture, DescFourniture, CodeCategorie)  VALUES ('SRV2', 'Deuxième serviette','SDB')
INSERT INTO Approvisionnement.tblFourniture (CodeFourniture, DescFourniture, CodeCategorie)  VALUES ('SRV3', 'Troisième serviette','SDB')
INSERT INTO Approvisionnement.tblFourniture (CodeFourniture, DescFourniture, CodeCategorie)  VALUES ('SRV4', 'Quatrième serviette','SDB')
INSERT INTO Approvisionnement.tblFourniture (CodeFourniture, DescFourniture, CodeCategorie)  VALUES ('THE1', 'Théière ojourdui','ELE')
INSERT INTO Approvisionnement.tblFourniture (CodeFourniture, DescFourniture, CodeCategorie)  VALUES ('TAS1', 'Première tasse', 'CHA')
INSERT INTO Approvisionnement.tblFourniture (CodeFourniture, DescFourniture, CodeCategorie)  VALUES ('TAS2', 'Deuxième tasse','CHA')
INSERT INTO Approvisionnement.tblFourniture (CodeFourniture, DescFourniture, CodeCategorie)  VALUES ('CAF1', 'Cafetière nescafé','ELE')
INSERT INTO Approvisionnement.tblFourniture (CodeFourniture, DescFourniture, CodeCategorie)  VALUES ('LPD1', 'Premier lampadaire','DEC')
INSERT INTO Approvisionnement.tblFourniture (CodeFourniture, DescFourniture, CodeCategorie)  VALUES ('LPD2', 'Deuxième lampadaire','DEC')
INSERT INTO Approvisionnement.tblFourniture (CodeFourniture, DescFourniture, CodeCategorie)  VALUES ('PRL1', 'Porte-rouleaux','SDB')
INSERT INTO Approvisionnement.tblFourniture (CodeFourniture, DescFourniture, CodeCategorie)  VALUES ('PTL1', 'Gros Papier toilette','SDB')
INSERT INTO Approvisionnement.tblFourniture (CodeFourniture, DescFourniture, CodeCategorie)  VALUES ('PTL2', 'Petit Papier toilette','SDB')
INSERT INTO Approvisionnement.tblFourniture (CodeFourniture, DescFourniture, CodeCategorie)  VALUES ('PTS1', 'Porte-serviette','SDB')
INSERT INTO Approvisionnement.tblFourniture (CodeFourniture, DescFourniture, CodeCategorie)  VALUES ('VRR1', 'Premier verre','CHA')
INSERT INTO Approvisionnement.tblFourniture (CodeFourniture, DescFourniture, CodeCategorie)  VALUES ('VRR2', 'Deuxième verre','CHA')
INSERT INTO Approvisionnement.tblFourniture (CodeFourniture, DescFourniture, CodeCategorie)  VALUES ('SCH1', 'Sèche cheveux toshiba','ELE')
INSERT INTO Approvisionnement.tblFourniture (CodeFourniture, DescFourniture, CodeCategorie)  VALUES ('POU1', 'Poubelle du salon','MEU')
INSERT INTO Approvisionnement.tblFourniture (CodeFourniture, DescFourniture, CodeCategorie)  VALUES ('POU2', 'Poubelle de la salle de bain','MEU')
INSERT INTO Approvisionnement.tblFourniture (CodeFourniture, DescFourniture, CodeCategorie)  VALUES ('CIN1', 'Lot de 10 cintres','CHA')
INSERT INTO Approvisionnement.tblFourniture (CodeFourniture, DescFourniture, CodeCategorie)  VALUES ('JAC1', 'jaccuzie samsung','CHA')
INSERT INTO Approvisionnement.tblFourniture (CodeFourniture, DescFourniture, CodeCategorie)  VALUES ('FAU1', 'Fauteuil sony','MEU')
INSERT INTO Approvisionnement.tblFourniture (CodeFourniture, DescFourniture, CodeCategorie)  VALUES ('PGN1', 'peignoir homme','CHA')
INSERT INTO Approvisionnement.tblFourniture (CodeFourniture, DescFourniture, CodeCategorie)  VALUES ('PGN2', 'peignoir femme','CHA')
GO


PRINT('Chargement Approvisionnement.tblFournisseur')
GO
INSERT INTO Approvisionnement.tblFournisseur (codeFournisseur, nomFournisseur, adresseFournisseur, nomRepresentant, prenomRepresentant)VALUES ('101', 'les draps de dieux', 'une adresse random', 'St-Clair', 'Roger' )
INSERT INTO Approvisionnement.tblFournisseur (codeFournisseur, nomFournisseur, adresseFournisseur, nomRepresentant, prenomRepresentant)VALUES ('102','Paratex','2314 rue leChômage, Montreal,Qc','aucun','aucun')
INSERT INTO Approvisionnement.tblFournisseur (codeFournisseur, nomFournisseur, adresseFournisseur, nomRepresentant, prenomRepresentant)VALUES ('103','Fjord En Kayak', '289 rue St-Jean,Anse St-Jean, Qc', 'Martel','Church')
INSERT INTO Approvisionnement.tblFournisseur (codeFournisseur, nomFournisseur, adresseFournisseur, nomRepresentant, prenomRepresentant)VALUES ('104','compagnie Name', 'somewhere on the earth ', 'BlackBurn ', 'Louis')
INSERT INTO Approvisionnement.tblFournisseur (codeFournisseur, nomFournisseur, adresseFournisseur, nomRepresentant, prenomRepresentant)VALUES ('105', 'Wonder', '1010 colonial street, New York,USA', 'Smith', 'James')
GO


PRINT('Chargement Approvisionnement.tblFournitureFournisseur')
GO
INSERT INTO Approvisionnement.tblFournitureFournisseur (codeFourniture, codeFournisseur, prixFournitureFournisseur)VALUES ('LAMP1','101',20.00)
INSERT INTO Approvisionnement.tblFournitureFournisseur (codeFourniture, codeFournisseur, prixFournitureFournisseur)VALUES ('LAMP2','102',25.00)
INSERT INTO Approvisionnement.tblFournitureFournisseur (codeFourniture, codeFournisseur, prixFournitureFournisseur)VALUES ('DRA1','103',1.20)
INSERT INTO Approvisionnement.tblFournitureFournisseur (codeFourniture, codeFournisseur, prixFournitureFournisseur)VALUES ('TBB1','104',1.53)
INSERT INTO Approvisionnement.tblFournitureFournisseur (codeFourniture, codeFournisseur, prixFournitureFournisseur)VALUES ('TAB1','105',2.87)
INSERT INTO Approvisionnement.tblFournitureFournisseur (codeFourniture, codeFournisseur, prixFournitureFournisseur)VALUES ('TAB2','101',5.13)
INSERT INTO Approvisionnement.tblFournitureFournisseur (codeFourniture, codeFournisseur, prixFournitureFournisseur)VALUES ('LAMP3','102',6.00)
INSERT INTO Approvisionnement.tblFournitureFournisseur (codeFourniture, codeFournisseur, prixFournitureFournisseur)VALUES ('TEL1','103',9.89)
INSERT INTO Approvisionnement.tblFournitureFournisseur (codeFourniture, codeFournisseur, prixFournitureFournisseur)VALUES ('TLV1','104',8.99)
INSERT INTO Approvisionnement.tblFournitureFournisseur (codeFourniture, codeFournisseur, prixFournitureFournisseur)VALUES ('TVL2','105',2.00)
INSERT INTO Approvisionnement.tblFournitureFournisseur (codeFourniture, codeFournisseur, prixFournitureFournisseur)VALUES ('RDX1','101',5.34)
INSERT INTO Approvisionnement.tblFournitureFournisseur (codeFourniture, codeFournisseur, prixFournitureFournisseur)VALUES ('RDX2','102',5.11)
INSERT INTO Approvisionnement.tblFournitureFournisseur (codeFourniture, codeFournisseur, prixFournitureFournisseur)VALUES ('AMP1','103',0.11)
INSERT INTO Approvisionnement.tblFournitureFournisseur (codeFourniture, codeFournisseur, prixFournitureFournisseur)VALUES ('AMP2','104',12.00)
INSERT INTO Approvisionnement.tblFournitureFournisseur (codeFourniture, codeFournisseur, prixFournitureFournisseur)VALUES ('CHS1','105',3.45)
INSERT INTO Approvisionnement.tblFournitureFournisseur (codeFourniture, codeFournisseur, prixFournitureFournisseur)VALUES ('CHS2','101',12.54)
INSERT INTO Approvisionnement.tblFournitureFournisseur (codeFourniture, codeFournisseur, prixFournitureFournisseur)VALUES ('TPS1','102',2.32)
INSERT INTO Approvisionnement.tblFournitureFournisseur (codeFourniture, codeFournisseur, prixFournitureFournisseur)VALUES ('TPS2','103',5.45)
INSERT INTO Approvisionnement.tblFournitureFournisseur (codeFourniture, codeFournisseur, prixFournitureFournisseur)VALUES ('COU1','104',20.00)
INSERT INTO Approvisionnement.tblFournitureFournisseur (codeFourniture, codeFournisseur, prixFournitureFournisseur)VALUES ('ORL1','105',10.00)
INSERT INTO Approvisionnement.tblFournitureFournisseur (codeFourniture, codeFournisseur, prixFournitureFournisseur)VALUES ('ORL2','101',10.00)
INSERT INTO Approvisionnement.tblFournitureFournisseur (codeFourniture, codeFournisseur, prixFournitureFournisseur)VALUES ('COR1','102',10.00)
INSERT INTO Approvisionnement.tblFournitureFournisseur (codeFourniture, codeFournisseur, prixFournitureFournisseur)VALUES ('COR2','103',10.00)
INSERT INTO Approvisionnement.tblFournitureFournisseur (codeFourniture, codeFournisseur, prixFournitureFournisseur)VALUES ('CML1','104',10.00)
INSERT INTO Approvisionnement.tblFournitureFournisseur (codeFourniture, codeFournisseur, prixFournitureFournisseur)VALUES ('COV1','105',10.00)
INSERT INTO Approvisionnement.tblFournitureFournisseur (codeFourniture, codeFournisseur, prixFournitureFournisseur)VALUES ('GLD1','101',10.00)
INSERT INTO Approvisionnement.tblFournitureFournisseur (codeFourniture, codeFournisseur, prixFournitureFournisseur)VALUES ('GLD2','102',10.00)
INSERT INTO Approvisionnement.tblFournitureFournisseur (codeFourniture, codeFournisseur, prixFournitureFournisseur)VALUES ('SHP1','103',10.00)
INSERT INTO Approvisionnement.tblFournitureFournisseur (codeFourniture, codeFournisseur, prixFournitureFournisseur)VALUES ('LOT1','104',10.00)
INSERT INTO Approvisionnement.tblFournitureFournisseur (codeFourniture, codeFournisseur, prixFournitureFournisseur)VALUES ('LOT2','105',10.00)
INSERT INTO Approvisionnement.tblFournitureFournisseur (codeFourniture, codeFournisseur, prixFournitureFournisseur)VALUES ('SRV1','101',10.00)
INSERT INTO Approvisionnement.tblFournitureFournisseur (codeFourniture, codeFournisseur, prixFournitureFournisseur)VALUES ('SRV2','102',10.00)
INSERT INTO Approvisionnement.tblFournitureFournisseur (codeFourniture, codeFournisseur, prixFournitureFournisseur)VALUES ('SRV3','103',10.00)
INSERT INTO Approvisionnement.tblFournitureFournisseur (codeFourniture, codeFournisseur, prixFournitureFournisseur)VALUES ('SRV4','104',10.00)
INSERT INTO Approvisionnement.tblFournitureFournisseur (codeFourniture, codeFournisseur, prixFournitureFournisseur)VALUES ('THE1','105',10.00)
INSERT INTO Approvisionnement.tblFournitureFournisseur (codeFourniture, codeFournisseur, prixFournitureFournisseur)VALUES ('TAS1','101',10.00)
INSERT INTO Approvisionnement.tblFournitureFournisseur (codeFourniture, codeFournisseur, prixFournitureFournisseur)VALUES ('TAS2','102',10.00)
INSERT INTO Approvisionnement.tblFournitureFournisseur (codeFourniture, codeFournisseur, prixFournitureFournisseur)VALUES ('CAF1','103',10.00)
INSERT INTO Approvisionnement.tblFournitureFournisseur (codeFourniture, codeFournisseur, prixFournitureFournisseur)VALUES ('LPD1','104',10.00)
INSERT INTO Approvisionnement.tblFournitureFournisseur (codeFourniture, codeFournisseur, prixFournitureFournisseur)VALUES ('LPD2','105',10.00)
INSERT INTO Approvisionnement.tblFournitureFournisseur (codeFourniture, codeFournisseur, prixFournitureFournisseur)VALUES ('PRL1','101',10.00)
INSERT INTO Approvisionnement.tblFournitureFournisseur (codeFourniture, codeFournisseur, prixFournitureFournisseur)VALUES ('PTL1','102',10.00)
INSERT INTO Approvisionnement.tblFournitureFournisseur (codeFourniture, codeFournisseur, prixFournitureFournisseur)VALUES ('PTL2','103',10.00)
INSERT INTO Approvisionnement.tblFournitureFournisseur (codeFourniture, codeFournisseur, prixFournitureFournisseur)VALUES ('PTS1','104',10.00)
INSERT INTO Approvisionnement.tblFournitureFournisseur (codeFourniture, codeFournisseur, prixFournitureFournisseur)VALUES ('VRR1','105',10.00)
INSERT INTO Approvisionnement.tblFournitureFournisseur (codeFourniture, codeFournisseur, prixFournitureFournisseur)VALUES ('VRR2','101',10.00)
INSERT INTO Approvisionnement.tblFournitureFournisseur (codeFourniture, codeFournisseur, prixFournitureFournisseur)VALUES ('SCH1','102',10.00)
INSERT INTO Approvisionnement.tblFournitureFournisseur (codeFourniture, codeFournisseur, prixFournitureFournisseur)VALUES ('POU1','103',10.00)
INSERT INTO Approvisionnement.tblFournitureFournisseur (codeFourniture, codeFournisseur, prixFournitureFournisseur)VALUES ('POU2','104',10.00)
INSERT INTO Approvisionnement.tblFournitureFournisseur (codeFourniture, codeFournisseur, prixFournitureFournisseur)VALUES ('CIN1','105',10.00)
INSERT INTO Approvisionnement.tblFournitureFournisseur (codeFourniture, codeFournisseur, prixFournitureFournisseur)VALUES ('JAC1','101',10.00)
INSERT INTO Approvisionnement.tblFournitureFournisseur (codeFourniture, codeFournisseur, prixFournitureFournisseur)VALUES ('FAU1','102',10.00)
INSERT INTO Approvisionnement.tblFournitureFournisseur (codeFourniture, codeFournisseur, prixFournitureFournisseur)VALUES ('PGN1','103',10.00)
INSERT INTO Approvisionnement.tblFournitureFournisseur (codeFourniture, codeFournisseur, prixFournitureFournisseur)VALUES ('PGN2','104',10.00)
GO


PRINT('Chargement Approvisionnement.tblFournitureHotel')
GO
INSERT INTO Approvisionnement.tblFournitureHotel VALUES ('HMR','AMP1',0,495,317)
INSERT INTO Approvisionnement.tblFournitureHotel VALUES ('HMR','AMP2',0,483,152)
INSERT INTO Approvisionnement.tblFournitureHotel VALUES ('HMR','CAF1',0,494,152)
INSERT INTO Approvisionnement.tblFournitureHotel VALUES ('HMR','CHS1',0,474,130)
INSERT INTO Approvisionnement.tblFournitureHotel VALUES ('HMR','CHS2',0,478,325)
INSERT INTO Approvisionnement.tblFournitureHotel VALUES ('HMR','CIN1',0,480,107)
INSERT INTO Approvisionnement.tblFournitureHotel VALUES ('HMR','CML1',0,454,82)
INSERT INTO Approvisionnement.tblFournitureHotel VALUES ('HMR','COR1',0,475,98)
INSERT INTO Approvisionnement.tblFournitureHotel VALUES ('HMR','COR2',0,453,217)
INSERT INTO Approvisionnement.tblFournitureHotel VALUES ('HMR','COU1',0,472,182)
INSERT INTO Approvisionnement.tblFournitureHotel VALUES ('HMR','COV1',0,484,169)
INSERT INTO Approvisionnement.tblFournitureHotel VALUES ('HMR','DRA1',0,462,275)
INSERT INTO Approvisionnement.tblFournitureHotel VALUES ('HMR','FAU1',0,469,163)
INSERT INTO Approvisionnement.tblFournitureHotel VALUES ('HMR','GLD1',0,500,276)
INSERT INTO Approvisionnement.tblFournitureHotel VALUES ('HMR','GLD2',0,464,76)
INSERT INTO Approvisionnement.tblFournitureHotel VALUES ('HMR','JAC1',0,484,254)
INSERT INTO Approvisionnement.tblFournitureHotel VALUES ('HMR','LAMP1',0,474,328)
INSERT INTO Approvisionnement.tblFournitureHotel VALUES ('HMR','LAMP2',0,485,131)
INSERT INTO Approvisionnement.tblFournitureHotel VALUES ('HMR','LAMP3',0,475,154)
INSERT INTO Approvisionnement.tblFournitureHotel VALUES ('HMR','LOT1',0,459,197)
INSERT INTO Approvisionnement.tblFournitureHotel VALUES ('HMR','LOT2',0,468,147)
INSERT INTO Approvisionnement.tblFournitureHotel VALUES ('HMR','LPD1',0,499,330)
INSERT INTO Approvisionnement.tblFournitureHotel VALUES ('HMR','LPD2',0,466,241)
INSERT INTO Approvisionnement.tblFournitureHotel VALUES ('HMR','ORL1',0,487,201)
INSERT INTO Approvisionnement.tblFournitureHotel VALUES ('HMR','ORL2',0,472,93)
INSERT INTO Approvisionnement.tblFournitureHotel VALUES ('HMR','PGN1',0,483,214)
INSERT INTO Approvisionnement.tblFournitureHotel VALUES ('HMR','PGN2',0,451,204)
INSERT INTO Approvisionnement.tblFournitureHotel VALUES ('HMR','POU1',0,488,128)
INSERT INTO Approvisionnement.tblFournitureHotel VALUES ('HMR','POU2',0,479,75)
INSERT INTO Approvisionnement.tblFournitureHotel VALUES ('HMR','PRL1',0,488,228)
INSERT INTO Approvisionnement.tblFournitureHotel VALUES ('HMR','PTL1',0,500,204)
INSERT INTO Approvisionnement.tblFournitureHotel VALUES ('HMR','PTL2',0,500,248)
INSERT INTO Approvisionnement.tblFournitureHotel VALUES ('HMR','PTS1',0,497,213)
INSERT INTO Approvisionnement.tblFournitureHotel VALUES ('HMR','RDX1',0,471,150)
INSERT INTO Approvisionnement.tblFournitureHotel VALUES ('HMR','RDX2',0,491,280)
INSERT INTO Approvisionnement.tblFournitureHotel VALUES ('HMR','SCH1',0,470,229)
INSERT INTO Approvisionnement.tblFournitureHotel VALUES ('HMR','SHP1',0,485,221)
INSERT INTO Approvisionnement.tblFournitureHotel VALUES ('HMR','SRV1',0,458,273)
INSERT INTO Approvisionnement.tblFournitureHotel VALUES ('HMR','SRV2',0,457,210)
INSERT INTO Approvisionnement.tblFournitureHotel VALUES ('HMR','SRV3',0,491,204)
INSERT INTO Approvisionnement.tblFournitureHotel VALUES ('HMR','SRV4',0,471,281)
INSERT INTO Approvisionnement.tblFournitureHotel VALUES ('HMR','TAB1',0,475,295)
INSERT INTO Approvisionnement.tblFournitureHotel VALUES ('HMR','TAB2',0,468,202)
INSERT INTO Approvisionnement.tblFournitureHotel VALUES ('HMR','TAS1',0,483,93)
INSERT INTO Approvisionnement.tblFournitureHotel VALUES ('HMR','TAS2',0,479,232)
INSERT INTO Approvisionnement.tblFournitureHotel VALUES ('HMR','TBB1',0,472,166)
INSERT INTO Approvisionnement.tblFournitureHotel VALUES ('HMR','TEL1',0,455,137)
INSERT INTO Approvisionnement.tblFournitureHotel VALUES ('HMR','THE1',0,455,212)
INSERT INTO Approvisionnement.tblFournitureHotel VALUES ('HMR','TLV1',0,458,169)
INSERT INTO Approvisionnement.tblFournitureHotel VALUES ('HMR','TPS1',0,470,245)
INSERT INTO Approvisionnement.tblFournitureHotel VALUES ('HMR','TPS2',0,475,327)
INSERT INTO Approvisionnement.tblFournitureHotel VALUES ('HMR','TVL2',0,500,213)
INSERT INTO Approvisionnement.tblFournitureHotel VALUES ('HMR','VRR1',0,491,72)
INSERT INTO Approvisionnement.tblFournitureHotel VALUES ('HMR','VRR2',0,489,312)
INSERT INTO Approvisionnement.tblFournitureHotel VALUES ('HJC','AMP1',0,471,289)
INSERT INTO Approvisionnement.tblFournitureHotel VALUES ('HJC','AMP2',0,469,133)
INSERT INTO Approvisionnement.tblFournitureHotel VALUES ('HJC','CAF1',0,466,225)
INSERT INTO Approvisionnement.tblFournitureHotel VALUES ('HJC','CHS1',0,473,333)
INSERT INTO Approvisionnement.tblFournitureHotel VALUES ('HJC','CHS2',0,450,312)
INSERT INTO Approvisionnement.tblFournitureHotel VALUES ('HJC','CIN1',0,479,228)
INSERT INTO Approvisionnement.tblFournitureHotel VALUES ('HJC','CML1',0,464,334)
INSERT INTO Approvisionnement.tblFournitureHotel VALUES ('HJC','COR1',0,450,163)
INSERT INTO Approvisionnement.tblFournitureHotel VALUES ('HJC','COR2',0,491,187)
INSERT INTO Approvisionnement.tblFournitureHotel VALUES ('HJC','COU1',0,473,101)
INSERT INTO Approvisionnement.tblFournitureHotel VALUES ('HJC','COV1',0,465,166)
INSERT INTO Approvisionnement.tblFournitureHotel VALUES ('HJC','DRA1',0,495,272)
INSERT INTO Approvisionnement.tblFournitureHotel VALUES ('HJC','FAU1',0,494,203)
INSERT INTO Approvisionnement.tblFournitureHotel VALUES ('HJC','GLD1',0,481,75)
INSERT INTO Approvisionnement.tblFournitureHotel VALUES ('HJC','GLD2',0,494,183)
INSERT INTO Approvisionnement.tblFournitureHotel VALUES ('HJC','JAC1',0,494,98)
INSERT INTO Approvisionnement.tblFournitureHotel VALUES ('HJC','LAMP1',0,496,295)
INSERT INTO Approvisionnement.tblFournitureHotel VALUES ('HJC','LAMP2',0,452,72)
INSERT INTO Approvisionnement.tblFournitureHotel VALUES ('HJC','LAMP3',0,492,231)
INSERT INTO Approvisionnement.tblFournitureHotel VALUES ('HJC','LOT1',0,453,251)
INSERT INTO Approvisionnement.tblFournitureHotel VALUES ('HJC','LOT2',0,485,284)
INSERT INTO Approvisionnement.tblFournitureHotel VALUES ('HJC','LPD1',0,465,254)
INSERT INTO Approvisionnement.tblFournitureHotel VALUES ('HJC','LPD2',0,469,267)
INSERT INTO Approvisionnement.tblFournitureHotel VALUES ('HJC','ORL1',0,486,106)
INSERT INTO Approvisionnement.tblFournitureHotel VALUES ('HJC','ORL2',0,471,296)
INSERT INTO Approvisionnement.tblFournitureHotel VALUES ('HJC','PGN1',0,495,273)
INSERT INTO Approvisionnement.tblFournitureHotel VALUES ('HJC','PGN2',0,463,137)
INSERT INTO Approvisionnement.tblFournitureHotel VALUES ('HJC','POU1',0,492,182)
INSERT INTO Approvisionnement.tblFournitureHotel VALUES ('HJC','POU2',0,463,124)
INSERT INTO Approvisionnement.tblFournitureHotel VALUES ('HJC','PRL1',0,465,276)
INSERT INTO Approvisionnement.tblFournitureHotel VALUES ('HJC','PTL1',0,471,99)
INSERT INTO Approvisionnement.tblFournitureHotel VALUES ('HJC','PTL2',0,478,301)
INSERT INTO Approvisionnement.tblFournitureHotel VALUES ('HJC','PTS1',0,490,295)
INSERT INTO Approvisionnement.tblFournitureHotel VALUES ('HJC','RDX1',0,479,113)
INSERT INTO Approvisionnement.tblFournitureHotel VALUES ('HJC','RDX2',0,474,84)
INSERT INTO Approvisionnement.tblFournitureHotel VALUES ('HJC','SCH1',0,474,214)
INSERT INTO Approvisionnement.tblFournitureHotel VALUES ('HJC','SHP1',0,465,267)
INSERT INTO Approvisionnement.tblFournitureHotel VALUES ('HJC','SRV1',0,460,183)
INSERT INTO Approvisionnement.tblFournitureHotel VALUES ('HJC','SRV2',0,493,170)
INSERT INTO Approvisionnement.tblFournitureHotel VALUES ('HJC','SRV3',0,464,223)
INSERT INTO Approvisionnement.tblFournitureHotel VALUES ('HJC','SRV4',0,469,156)
INSERT INTO Approvisionnement.tblFournitureHotel VALUES ('HJC','TAB1',0,471,112)
INSERT INTO Approvisionnement.tblFournitureHotel VALUES ('HJC','TAB2',0,474,192)
INSERT INTO Approvisionnement.tblFournitureHotel VALUES ('HJC','TAS1',0,471,84)
INSERT INTO Approvisionnement.tblFournitureHotel VALUES ('HJC','TAS2',0,500,237)
INSERT INTO Approvisionnement.tblFournitureHotel VALUES ('HJC','TBB1',0,478,121)
INSERT INTO Approvisionnement.tblFournitureHotel VALUES ('HJC','TEL1',0,486,321)
INSERT INTO Approvisionnement.tblFournitureHotel VALUES ('HJC','THE1',0,491,218)
INSERT INTO Approvisionnement.tblFournitureHotel VALUES ('HJC','TLV1',0,485,136)
INSERT INTO Approvisionnement.tblFournitureHotel VALUES ('HJC','TPS1',0,491,213)
INSERT INTO Approvisionnement.tblFournitureHotel VALUES ('HJC','TPS2',0,453,116)
INSERT INTO Approvisionnement.tblFournitureHotel VALUES ('HJC','TVL2',0,489,186)
INSERT INTO Approvisionnement.tblFournitureHotel VALUES ('HJC','VRR1',0,456,103)
INSERT INTO Approvisionnement.tblFournitureHotel VALUES ('HJC','VRR2',0,499,312)
INSERT INTO Approvisionnement.tblFournitureHotel VALUES ('HDC','AMP1',0,482,80)
INSERT INTO Approvisionnement.tblFournitureHotel VALUES ('HDC','AMP2',0,476,258)
INSERT INTO Approvisionnement.tblFournitureHotel VALUES ('HDC','CAF1',0,497,243)
INSERT INTO Approvisionnement.tblFournitureHotel VALUES ('HDC','CHS1',0,462,325)
INSERT INTO Approvisionnement.tblFournitureHotel VALUES ('HDC','CHS2',0,456,176)
INSERT INTO Approvisionnement.tblFournitureHotel VALUES ('HDC','CIN1',0,473,336)
INSERT INTO Approvisionnement.tblFournitureHotel VALUES ('HDC','CML1',0,479,329)
INSERT INTO Approvisionnement.tblFournitureHotel VALUES ('HDC','COR1',0,456,161)
INSERT INTO Approvisionnement.tblFournitureHotel VALUES ('HDC','COR2',0,457,242)
INSERT INTO Approvisionnement.tblFournitureHotel VALUES ('HDC','COU1',0,487,101)
INSERT INTO Approvisionnement.tblFournitureHotel VALUES ('HDC','COV1',0,487,240)
INSERT INTO Approvisionnement.tblFournitureHotel VALUES ('HDC','DRA1',0,450,82)
INSERT INTO Approvisionnement.tblFournitureHotel VALUES ('HDC','FAU1',0,456,137)
INSERT INTO Approvisionnement.tblFournitureHotel VALUES ('HDC','GLD1',0,483,247)
INSERT INTO Approvisionnement.tblFournitureHotel VALUES ('HDC','GLD2',0,466,322)
INSERT INTO Approvisionnement.tblFournitureHotel VALUES ('HDC','JAC1',0,478,241)
INSERT INTO Approvisionnement.tblFournitureHotel VALUES ('HDC','LAMP1',0,452,245)
INSERT INTO Approvisionnement.tblFournitureHotel VALUES ('HDC','LAMP2',0,467,164)
INSERT INTO Approvisionnement.tblFournitureHotel VALUES ('HDC','LAMP3',0,450,173)
INSERT INTO Approvisionnement.tblFournitureHotel VALUES ('HDC','LOT1',0,478,302)
INSERT INTO Approvisionnement.tblFournitureHotel VALUES ('HDC','LOT2',0,479,174)
INSERT INTO Approvisionnement.tblFournitureHotel VALUES ('HDC','LPD1',0,473,155)
INSERT INTO Approvisionnement.tblFournitureHotel VALUES ('HDC','LPD2',0,500,257)
INSERT INTO Approvisionnement.tblFournitureHotel VALUES ('HDC','ORL1',0,479,93)
INSERT INTO Approvisionnement.tblFournitureHotel VALUES ('HDC','ORL2',0,496,206)
INSERT INTO Approvisionnement.tblFournitureHotel VALUES ('HDC','PGN1',0,461,321)
INSERT INTO Approvisionnement.tblFournitureHotel VALUES ('HDC','PGN2',0,496,132)
INSERT INTO Approvisionnement.tblFournitureHotel VALUES ('HDC','POU1',0,467,167)
INSERT INTO Approvisionnement.tblFournitureHotel VALUES ('HDC','POU2',0,456,216)
INSERT INTO Approvisionnement.tblFournitureHotel VALUES ('HDC','PRL1',0,500,319)
INSERT INTO Approvisionnement.tblFournitureHotel VALUES ('HDC','PTL1',0,488,132)
INSERT INTO Approvisionnement.tblFournitureHotel VALUES ('HDC','PTL2',0,486,113)
INSERT INTO Approvisionnement.tblFournitureHotel VALUES ('HDC','PTS1',0,471,249)
INSERT INTO Approvisionnement.tblFournitureHotel VALUES ('HDC','RDX1',0,451,232)
INSERT INTO Approvisionnement.tblFournitureHotel VALUES ('HDC','RDX2',0,477,120)
INSERT INTO Approvisionnement.tblFournitureHotel VALUES ('HDC','SCH1',0,468,186)
INSERT INTO Approvisionnement.tblFournitureHotel VALUES ('HDC','SHP1',0,481,225)
INSERT INTO Approvisionnement.tblFournitureHotel VALUES ('HDC','SRV1',0,464,111)
INSERT INTO Approvisionnement.tblFournitureHotel VALUES ('HDC','SRV2',0,452,177)
INSERT INTO Approvisionnement.tblFournitureHotel VALUES ('HDC','SRV3',0,486,256)
INSERT INTO Approvisionnement.tblFournitureHotel VALUES ('HDC','SRV4',0,475,279)
INSERT INTO Approvisionnement.tblFournitureHotel VALUES ('HDC','TAB1',0,458,348)
INSERT INTO Approvisionnement.tblFournitureHotel VALUES ('HDC','TAB2',0,462,199)
INSERT INTO Approvisionnement.tblFournitureHotel VALUES ('HDC','TAS1',0,450,204)
INSERT INTO Approvisionnement.tblFournitureHotel VALUES ('HDC','TAS2',0,481,285)
INSERT INTO Approvisionnement.tblFournitureHotel VALUES ('HDC','TBB1',0,489,188)
INSERT INTO Approvisionnement.tblFournitureHotel VALUES ('HDC','TEL1',0,489,257)
INSERT INTO Approvisionnement.tblFournitureHotel VALUES ('HDC','THE1',0,497,201)
INSERT INTO Approvisionnement.tblFournitureHotel VALUES ('HDC','TLV1',0,483,105)
INSERT INTO Approvisionnement.tblFournitureHotel VALUES ('HDC','TPS1',0,472,345)
INSERT INTO Approvisionnement.tblFournitureHotel VALUES ('HDC','TPS2',0,456,161)
INSERT INTO Approvisionnement.tblFournitureHotel VALUES ('HDC','TVL2',0,472,154)
INSERT INTO Approvisionnement.tblFournitureHotel VALUES ('HDC','VRR1',0,450,266)
INSERT INTO Approvisionnement.tblFournitureHotel VALUES ('HDC','VRR2',0,471,163)
INSERT INTO Approvisionnement.tblFournitureHotel VALUES ('HBE','AMP1',0,479,106)
INSERT INTO Approvisionnement.tblFournitureHotel VALUES ('HBE','AMP2',0,455,221)
INSERT INTO Approvisionnement.tblFournitureHotel VALUES ('HBE','CAF1',0,484,90)
INSERT INTO Approvisionnement.tblFournitureHotel VALUES ('HBE','CHS1',0,466,236)
INSERT INTO Approvisionnement.tblFournitureHotel VALUES ('HBE','CHS2',0,467,216)
INSERT INTO Approvisionnement.tblFournitureHotel VALUES ('HBE','CIN1',0,478,95)
INSERT INTO Approvisionnement.tblFournitureHotel VALUES ('HBE','CML1',0,472,172)
INSERT INTO Approvisionnement.tblFournitureHotel VALUES ('HBE','COR1',0,485,134)
INSERT INTO Approvisionnement.tblFournitureHotel VALUES ('HBE','COR2',0,481,185)
INSERT INTO Approvisionnement.tblFournitureHotel VALUES ('HBE','COU1',0,486,291)
INSERT INTO Approvisionnement.tblFournitureHotel VALUES ('HBE','COV1',0,489,102)
INSERT INTO Approvisionnement.tblFournitureHotel VALUES ('HBE','DRA1',0,460,181)
INSERT INTO Approvisionnement.tblFournitureHotel VALUES ('HBE','FAU1',0,466,122)
INSERT INTO Approvisionnement.tblFournitureHotel VALUES ('HBE','GLD1',0,468,119)
INSERT INTO Approvisionnement.tblFournitureHotel VALUES ('HBE','GLD2',0,456,70)
INSERT INTO Approvisionnement.tblFournitureHotel VALUES ('HBE','JAC1',0,496,94)
INSERT INTO Approvisionnement.tblFournitureHotel VALUES ('HBE','LAMP1',0,480,120)
INSERT INTO Approvisionnement.tblFournitureHotel VALUES ('HBE','LAMP2',0,478,245)
INSERT INTO Approvisionnement.tblFournitureHotel VALUES ('HBE','LAMP3',0,470,297)
INSERT INTO Approvisionnement.tblFournitureHotel VALUES ('HBE','LOT1',0,464,171)
INSERT INTO Approvisionnement.tblFournitureHotel VALUES ('HBE','LOT2',0,450,82)
INSERT INTO Approvisionnement.tblFournitureHotel VALUES ('HBE','LPD1',0,463,290)
INSERT INTO Approvisionnement.tblFournitureHotel VALUES ('HBE','LPD2',0,456,265)
INSERT INTO Approvisionnement.tblFournitureHotel VALUES ('HBE','ORL1',0,468,297)
INSERT INTO Approvisionnement.tblFournitureHotel VALUES ('HBE','ORL2',0,487,109)
INSERT INTO Approvisionnement.tblFournitureHotel VALUES ('HBE','PGN1',0,485,296)
INSERT INTO Approvisionnement.tblFournitureHotel VALUES ('HBE','PGN2',0,482,105)
INSERT INTO Approvisionnement.tblFournitureHotel VALUES ('HBE','POU1',0,476,202)
INSERT INTO Approvisionnement.tblFournitureHotel VALUES ('HBE','POU2',0,458,89)
INSERT INTO Approvisionnement.tblFournitureHotel VALUES ('HBE','PRL1',0,455,108)
INSERT INTO Approvisionnement.tblFournitureHotel VALUES ('HBE','PTL1',0,471,174)
INSERT INTO Approvisionnement.tblFournitureHotel VALUES ('HBE','PTL2',0,483,246)
INSERT INTO Approvisionnement.tblFournitureHotel VALUES ('HBE','PTS1',0,458,226)
INSERT INTO Approvisionnement.tblFournitureHotel VALUES ('HBE','RDX1',0,477,256)
INSERT INTO Approvisionnement.tblFournitureHotel VALUES ('HBE','RDX2',0,463,215)
INSERT INTO Approvisionnement.tblFournitureHotel VALUES ('HBE','SCH1',0,470,211)
INSERT INTO Approvisionnement.tblFournitureHotel VALUES ('HBE','SHP1',0,473,284)
INSERT INTO Approvisionnement.tblFournitureHotel VALUES ('HBE','SRV1',0,494,236)
INSERT INTO Approvisionnement.tblFournitureHotel VALUES ('HBE','SRV2',0,465,150)
INSERT INTO Approvisionnement.tblFournitureHotel VALUES ('HBE','SRV3',0,488,268)
INSERT INTO Approvisionnement.tblFournitureHotel VALUES ('HBE','SRV4',0,453,236)
INSERT INTO Approvisionnement.tblFournitureHotel VALUES ('HBE','TAB1',0,494,168)
INSERT INTO Approvisionnement.tblFournitureHotel VALUES ('HBE','TAB2',0,480,235)
INSERT INTO Approvisionnement.tblFournitureHotel VALUES ('HBE','TAS1',0,500,264)
INSERT INTO Approvisionnement.tblFournitureHotel VALUES ('HBE','TAS2',0,498,70)
INSERT INTO Approvisionnement.tblFournitureHotel VALUES ('HBE','TBB1',0,481,103)
INSERT INTO Approvisionnement.tblFournitureHotel VALUES ('HBE','TEL1',0,498,82)
INSERT INTO Approvisionnement.tblFournitureHotel VALUES ('HBE','THE1',0,470,114)
INSERT INTO Approvisionnement.tblFournitureHotel VALUES ('HBE','TLV1',0,487,93)
INSERT INTO Approvisionnement.tblFournitureHotel VALUES ('HBE','TPS1',0,485,85)
INSERT INTO Approvisionnement.tblFournitureHotel VALUES ('HBE','TPS2',0,494,109)
INSERT INTO Approvisionnement.tblFournitureHotel VALUES ('HBE','TVL2',0,467,274)
INSERT INTO Approvisionnement.tblFournitureHotel VALUES ('HBE','VRR1',0,462,82)
INSERT INTO Approvisionnement.tblFournitureHotel VALUES ('HBE','VRR2',0,457,215)
INSERT INTO Approvisionnement.tblFournitureHotel VALUES ('HDB','AMP1',0,459,191)
INSERT INTO Approvisionnement.tblFournitureHotel VALUES ('HDB','AMP2',0,457,282)
INSERT INTO Approvisionnement.tblFournitureHotel VALUES ('HDB','CAF1',0,491,68)
INSERT INTO Approvisionnement.tblFournitureHotel VALUES ('HDB','CHS1',0,463,192)
INSERT INTO Approvisionnement.tblFournitureHotel VALUES ('HDB','CHS2',0,474,279)
INSERT INTO Approvisionnement.tblFournitureHotel VALUES ('HDB','CIN1',0,467,277)
INSERT INTO Approvisionnement.tblFournitureHotel VALUES ('HDB','CML1',0,484,275)
INSERT INTO Approvisionnement.tblFournitureHotel VALUES ('HDB','COR1',0,489,165)
INSERT INTO Approvisionnement.tblFournitureHotel VALUES ('HDB','COR2',0,477,232)
INSERT INTO Approvisionnement.tblFournitureHotel VALUES ('HDB','COU1',0,477,121)
INSERT INTO Approvisionnement.tblFournitureHotel VALUES ('HDB','COV1',0,467,239)
INSERT INTO Approvisionnement.tblFournitureHotel VALUES ('HDB','DRA1',0,491,257)
INSERT INTO Approvisionnement.tblFournitureHotel VALUES ('HDB','FAU1',0,489,272)
INSERT INTO Approvisionnement.tblFournitureHotel VALUES ('HDB','GLD1',0,496,242)
INSERT INTO Approvisionnement.tblFournitureHotel VALUES ('HDB','GLD2',0,495,180)
INSERT INTO Approvisionnement.tblFournitureHotel VALUES ('HDB','JAC1',0,482,95)
INSERT INTO Approvisionnement.tblFournitureHotel VALUES ('HDB','LAMP1',0,480,85)
INSERT INTO Approvisionnement.tblFournitureHotel VALUES ('HDB','LAMP2',0,469,117)
INSERT INTO Approvisionnement.tblFournitureHotel VALUES ('HDB','LAMP3',0,487,156)
INSERT INTO Approvisionnement.tblFournitureHotel VALUES ('HDB','LOT1',0,498,95)
INSERT INTO Approvisionnement.tblFournitureHotel VALUES ('HDB','LOT2',0,454,181)
INSERT INTO Approvisionnement.tblFournitureHotel VALUES ('HDB','LPD1',0,472,149)
INSERT INTO Approvisionnement.tblFournitureHotel VALUES ('HDB','LPD2',0,469,184)
INSERT INTO Approvisionnement.tblFournitureHotel VALUES ('HDB','ORL1',0,452,251)
INSERT INTO Approvisionnement.tblFournitureHotel VALUES ('HDB','ORL2',0,464,225)
INSERT INTO Approvisionnement.tblFournitureHotel VALUES ('HDB','PGN1',0,483,131)
INSERT INTO Approvisionnement.tblFournitureHotel VALUES ('HDB','PGN2',0,490,242)
INSERT INTO Approvisionnement.tblFournitureHotel VALUES ('HDB','POU1',0,477,211)
INSERT INTO Approvisionnement.tblFournitureHotel VALUES ('HDB','POU2',0,469,182)
INSERT INTO Approvisionnement.tblFournitureHotel VALUES ('HDB','PRL1',0,476,266)
INSERT INTO Approvisionnement.tblFournitureHotel VALUES ('HDB','PTL1',0,499,82)
INSERT INTO Approvisionnement.tblFournitureHotel VALUES ('HDB','PTL2',0,454,224)
INSERT INTO Approvisionnement.tblFournitureHotel VALUES ('HDB','PTS1',0,464,300)
INSERT INTO Approvisionnement.tblFournitureHotel VALUES ('HDB','RDX1',0,492,231)
INSERT INTO Approvisionnement.tblFournitureHotel VALUES ('HDB','RDX2',0,461,182)
INSERT INTO Approvisionnement.tblFournitureHotel VALUES ('HDB','SCH1',0,493,68)
INSERT INTO Approvisionnement.tblFournitureHotel VALUES ('HDB','SHP1',0,463,208)
INSERT INTO Approvisionnement.tblFournitureHotel VALUES ('HDB','SRV1',0,451,246)
INSERT INTO Approvisionnement.tblFournitureHotel VALUES ('HDB','SRV2',0,473,124)
INSERT INTO Approvisionnement.tblFournitureHotel VALUES ('HDB','SRV3',0,497,275)
INSERT INTO Approvisionnement.tblFournitureHotel VALUES ('HDB','SRV4',0,495,293)
INSERT INTO Approvisionnement.tblFournitureHotel VALUES ('HDB','TAB1',0,478,251)
INSERT INTO Approvisionnement.tblFournitureHotel VALUES ('HDB','TAB2',0,472,173)
INSERT INTO Approvisionnement.tblFournitureHotel VALUES ('HDB','TAS1',0,477,271)
INSERT INTO Approvisionnement.tblFournitureHotel VALUES ('HDB','TAS2',0,493,279)
INSERT INTO Approvisionnement.tblFournitureHotel VALUES ('HDB','TBB1',0,457,109)
INSERT INTO Approvisionnement.tblFournitureHotel VALUES ('HDB','TEL1',0,469,185)
INSERT INTO Approvisionnement.tblFournitureHotel VALUES ('HDB','THE1',0,477,248)
INSERT INTO Approvisionnement.tblFournitureHotel VALUES ('HDB','TLV1',0,454,164)
INSERT INTO Approvisionnement.tblFournitureHotel VALUES ('HDB','TPS1',0,476,186)
INSERT INTO Approvisionnement.tblFournitureHotel VALUES ('HDB','TPS2',0,458,197)
INSERT INTO Approvisionnement.tblFournitureHotel VALUES ('HDB','TVL2',0,475,166)
INSERT INTO Approvisionnement.tblFournitureHotel VALUES ('HDB','VRR1',0,479,91)
INSERT INTO Approvisionnement.tblFournitureHotel VALUES ('HDB','VRR2',0,492,274)
INSERT INTO Approvisionnement.tblFournitureHotel VALUES ('HDT','AMP1',0,451,207)
INSERT INTO Approvisionnement.tblFournitureHotel VALUES ('HDT','AMP2',0,456,250)
INSERT INTO Approvisionnement.tblFournitureHotel VALUES ('HDT','CAF1',0,457,150)
INSERT INTO Approvisionnement.tblFournitureHotel VALUES ('HDT','CHS1',0,457,217)
INSERT INTO Approvisionnement.tblFournitureHotel VALUES ('HDT','CHS2',0,485,286)
INSERT INTO Approvisionnement.tblFournitureHotel VALUES ('HDT','CIN1',0,450,211)
INSERT INTO Approvisionnement.tblFournitureHotel VALUES ('HDT','CML1',0,496,288)
INSERT INTO Approvisionnement.tblFournitureHotel VALUES ('HDT','COR1',0,460,163)
INSERT INTO Approvisionnement.tblFournitureHotel VALUES ('HDT','COR2',0,452,142)
INSERT INTO Approvisionnement.tblFournitureHotel VALUES ('HDT','COU1',0,462,115)
INSERT INTO Approvisionnement.tblFournitureHotel VALUES ('HDT','COV1',0,452,269)
INSERT INTO Approvisionnement.tblFournitureHotel VALUES ('HDT','DRA1',0,455,202)
INSERT INTO Approvisionnement.tblFournitureHotel VALUES ('HDT','FAU1',0,487,247)
INSERT INTO Approvisionnement.tblFournitureHotel VALUES ('HDT','GLD1',0,495,213)
INSERT INTO Approvisionnement.tblFournitureHotel VALUES ('HDT','GLD2',0,488,216)
INSERT INTO Approvisionnement.tblFournitureHotel VALUES ('HDT','JAC1',0,474,197)
INSERT INTO Approvisionnement.tblFournitureHotel VALUES ('HDT','LAMP1',0,455,146)
INSERT INTO Approvisionnement.tblFournitureHotel VALUES ('HDT','LAMP2',0,489,165)
INSERT INTO Approvisionnement.tblFournitureHotel VALUES ('HDT','LAMP3',0,481,276)
INSERT INTO Approvisionnement.tblFournitureHotel VALUES ('HDT','LOT1',0,499,249)
INSERT INTO Approvisionnement.tblFournitureHotel VALUES ('HDT','LOT2',0,473,77)
INSERT INTO Approvisionnement.tblFournitureHotel VALUES ('HDT','LPD1',0,470,190)
INSERT INTO Approvisionnement.tblFournitureHotel VALUES ('HDT','LPD2',0,453,265)
INSERT INTO Approvisionnement.tblFournitureHotel VALUES ('HDT','ORL1',0,473,94)
INSERT INTO Approvisionnement.tblFournitureHotel VALUES ('HDT','ORL2',0,489,205)
INSERT INTO Approvisionnement.tblFournitureHotel VALUES ('HDT','PGN1',0,462,253)
INSERT INTO Approvisionnement.tblFournitureHotel VALUES ('HDT','PGN2',0,474,189)
INSERT INTO Approvisionnement.tblFournitureHotel VALUES ('HDT','POU1',0,484,280)
INSERT INTO Approvisionnement.tblFournitureHotel VALUES ('HDT','POU2',0,452,149)
INSERT INTO Approvisionnement.tblFournitureHotel VALUES ('HDT','PRL1',0,481,116)
INSERT INTO Approvisionnement.tblFournitureHotel VALUES ('HDT','PTL1',0,497,113)
INSERT INTO Approvisionnement.tblFournitureHotel VALUES ('HDT','PTL2',0,465,164)
INSERT INTO Approvisionnement.tblFournitureHotel VALUES ('HDT','PTS1',0,452,261)
INSERT INTO Approvisionnement.tblFournitureHotel VALUES ('HDT','RDX1',0,454,169)
INSERT INTO Approvisionnement.tblFournitureHotel VALUES ('HDT','RDX2',0,470,135)
INSERT INTO Approvisionnement.tblFournitureHotel VALUES ('HDT','SCH1',0,468,296)
INSERT INTO Approvisionnement.tblFournitureHotel VALUES ('HDT','SHP1',0,500,235)
INSERT INTO Approvisionnement.tblFournitureHotel VALUES ('HDT','SRV1',0,498,76)
INSERT INTO Approvisionnement.tblFournitureHotel VALUES ('HDT','SRV2',0,460,225)
INSERT INTO Approvisionnement.tblFournitureHotel VALUES ('HDT','SRV3',0,468,133)
INSERT INTO Approvisionnement.tblFournitureHotel VALUES ('HDT','SRV4',0,500,234)
INSERT INTO Approvisionnement.tblFournitureHotel VALUES ('HDT','TAB1',0,462,145)
INSERT INTO Approvisionnement.tblFournitureHotel VALUES ('HDT','TAB2',0,480,222)
INSERT INTO Approvisionnement.tblFournitureHotel VALUES ('HDT','TAS1',0,492,231)
INSERT INTO Approvisionnement.tblFournitureHotel VALUES ('HDT','TAS2',0,483,114)
INSERT INTO Approvisionnement.tblFournitureHotel VALUES ('HDT','TBB1',0,487,206)
INSERT INTO Approvisionnement.tblFournitureHotel VALUES ('HDT','TEL1',0,471,282)
INSERT INTO Approvisionnement.tblFournitureHotel VALUES ('HDT','THE1',0,458,77)
INSERT INTO Approvisionnement.tblFournitureHotel VALUES ('HDT','TLV1',0,475,133)
INSERT INTO Approvisionnement.tblFournitureHotel VALUES ('HDT','TPS1',0,474,73)
INSERT INTO Approvisionnement.tblFournitureHotel VALUES ('HDT','TPS2',0,479,282)
INSERT INTO Approvisionnement.tblFournitureHotel VALUES ('HDT','TVL2',0,479,215)
INSERT INTO Approvisionnement.tblFournitureHotel VALUES ('HDT','VRR1',0,498,139)
INSERT INTO Approvisionnement.tblFournitureHotel VALUES ('HDT','VRR2',0,462,103)
INSERT INTO Approvisionnement.tblFournitureHotel VALUES ('HGC','AMP1',0,463,283)
INSERT INTO Approvisionnement.tblFournitureHotel VALUES ('HGC','AMP2',0,451,265)
INSERT INTO Approvisionnement.tblFournitureHotel VALUES ('HGC','CAF1',0,452,122)
INSERT INTO Approvisionnement.tblFournitureHotel VALUES ('HGC','CHS1',0,468,146)
INSERT INTO Approvisionnement.tblFournitureHotel VALUES ('HGC','CHS2',0,496,189)
INSERT INTO Approvisionnement.tblFournitureHotel VALUES ('HGC','CIN1',0,451,123)
INSERT INTO Approvisionnement.tblFournitureHotel VALUES ('HGC','CML1',0,452,158)
INSERT INTO Approvisionnement.tblFournitureHotel VALUES ('HGC','COR1',0,467,173)
INSERT INTO Approvisionnement.tblFournitureHotel VALUES ('HGC','COR2',0,491,113)
INSERT INTO Approvisionnement.tblFournitureHotel VALUES ('HGC','COU1',0,476,210)
INSERT INTO Approvisionnement.tblFournitureHotel VALUES ('HGC','COV1',0,456,140)
INSERT INTO Approvisionnement.tblFournitureHotel VALUES ('HGC','DRA1',0,467,81)
INSERT INTO Approvisionnement.tblFournitureHotel VALUES ('HGC','FAU1',0,469,200)
INSERT INTO Approvisionnement.tblFournitureHotel VALUES ('HGC','GLD1',0,474,191)
INSERT INTO Approvisionnement.tblFournitureHotel VALUES ('HGC','GLD2',0,495,67)
INSERT INTO Approvisionnement.tblFournitureHotel VALUES ('HGC','JAC1',0,485,292)
INSERT INTO Approvisionnement.tblFournitureHotel VALUES ('HGC','LAMP1',0,476,269)
INSERT INTO Approvisionnement.tblFournitureHotel VALUES ('HGC','LAMP2',0,453,241)
INSERT INTO Approvisionnement.tblFournitureHotel VALUES ('HGC','LAMP3',0,472,88)
INSERT INTO Approvisionnement.tblFournitureHotel VALUES ('HGC','LOT1',0,454,112)
INSERT INTO Approvisionnement.tblFournitureHotel VALUES ('HGC','LOT2',0,456,167)
INSERT INTO Approvisionnement.tblFournitureHotel VALUES ('HGC','LPD1',0,477,88)
INSERT INTO Approvisionnement.tblFournitureHotel VALUES ('HGC','LPD2',0,489,150)
INSERT INTO Approvisionnement.tblFournitureHotel VALUES ('HGC','ORL1',0,487,246)
INSERT INTO Approvisionnement.tblFournitureHotel VALUES ('HGC','ORL2',0,483,72)
INSERT INTO Approvisionnement.tblFournitureHotel VALUES ('HGC','PGN1',0,479,239)
INSERT INTO Approvisionnement.tblFournitureHotel VALUES ('HGC','PGN2',0,473,182)
INSERT INTO Approvisionnement.tblFournitureHotel VALUES ('HGC','POU1',0,459,265)
INSERT INTO Approvisionnement.tblFournitureHotel VALUES ('HGC','POU2',0,461,297)
INSERT INTO Approvisionnement.tblFournitureHotel VALUES ('HGC','PRL1',0,464,291)
INSERT INTO Approvisionnement.tblFournitureHotel VALUES ('HGC','PTL1',0,451,235)
INSERT INTO Approvisionnement.tblFournitureHotel VALUES ('HGC','PTL2',0,489,284)
INSERT INTO Approvisionnement.tblFournitureHotel VALUES ('HGC','PTS1',0,467,300)
INSERT INTO Approvisionnement.tblFournitureHotel VALUES ('HGC','RDX1',0,463,220)
INSERT INTO Approvisionnement.tblFournitureHotel VALUES ('HGC','RDX2',0,487,224)
INSERT INTO Approvisionnement.tblFournitureHotel VALUES ('HGC','SCH1',0,459,157)
INSERT INTO Approvisionnement.tblFournitureHotel VALUES ('HGC','SHP1',0,453,175)
INSERT INTO Approvisionnement.tblFournitureHotel VALUES ('HGC','SRV1',0,488,232)
INSERT INTO Approvisionnement.tblFournitureHotel VALUES ('HGC','SRV2',0,463,168)
INSERT INTO Approvisionnement.tblFournitureHotel VALUES ('HGC','SRV3',0,450,236)
INSERT INTO Approvisionnement.tblFournitureHotel VALUES ('HGC','SRV4',0,471,130)
INSERT INTO Approvisionnement.tblFournitureHotel VALUES ('HGC','TAB1',0,475,207)
INSERT INTO Approvisionnement.tblFournitureHotel VALUES ('HGC','TAB2',0,459,131)
INSERT INTO Approvisionnement.tblFournitureHotel VALUES ('HGC','TAS1',0,494,148)
INSERT INTO Approvisionnement.tblFournitureHotel VALUES ('HGC','TAS2',0,451,84)
INSERT INTO Approvisionnement.tblFournitureHotel VALUES ('HGC','TBB1',0,466,108)
INSERT INTO Approvisionnement.tblFournitureHotel VALUES ('HGC','TEL1',0,496,243)
INSERT INTO Approvisionnement.tblFournitureHotel VALUES ('HGC','THE1',0,458,256)
INSERT INTO Approvisionnement.tblFournitureHotel VALUES ('HGC','TLV1',0,452,122)
INSERT INTO Approvisionnement.tblFournitureHotel VALUES ('HGC','TPS1',0,468,292)
INSERT INTO Approvisionnement.tblFournitureHotel VALUES ('HGC','TPS2',0,469,73)
INSERT INTO Approvisionnement.tblFournitureHotel VALUES ('HGC','TVL2',0,491,155)
INSERT INTO Approvisionnement.tblFournitureHotel VALUES ('HGC','VRR1',0,450,182)
INSERT INTO Approvisionnement.tblFournitureHotel VALUES ('HGC','VRR2',0,491,164)
INSERT INTO Approvisionnement.tblFournitureHotel VALUES ('HME','AMP1',0,484,86)
INSERT INTO Approvisionnement.tblFournitureHotel VALUES ('HME','AMP2',0,487,257)
INSERT INTO Approvisionnement.tblFournitureHotel VALUES ('HME','CAF1',0,494,96)
INSERT INTO Approvisionnement.tblFournitureHotel VALUES ('HME','CHS1',0,486,157)
INSERT INTO Approvisionnement.tblFournitureHotel VALUES ('HME','CHS2',0,483,164)
INSERT INTO Approvisionnement.tblFournitureHotel VALUES ('HME','CIN1',0,487,180)
INSERT INTO Approvisionnement.tblFournitureHotel VALUES ('HME','CML1',0,488,123)
INSERT INTO Approvisionnement.tblFournitureHotel VALUES ('HME','COR1',0,487,271)
INSERT INTO Approvisionnement.tblFournitureHotel VALUES ('HME','COR2',0,469,295)
INSERT INTO Approvisionnement.tblFournitureHotel VALUES ('HME','COU1',0,478,219)
INSERT INTO Approvisionnement.tblFournitureHotel VALUES ('HME','COV1',0,499,250)
INSERT INTO Approvisionnement.tblFournitureHotel VALUES ('HME','DRA1',0,470,171)
INSERT INTO Approvisionnement.tblFournitureHotel VALUES ('HME','FAU1',0,498,256)
INSERT INTO Approvisionnement.tblFournitureHotel VALUES ('HME','GLD1',0,492,244)
INSERT INTO Approvisionnement.tblFournitureHotel VALUES ('HME','GLD2',0,459,214)
INSERT INTO Approvisionnement.tblFournitureHotel VALUES ('HME','JAC1',0,494,241)
INSERT INTO Approvisionnement.tblFournitureHotel VALUES ('HME','LAMP1',0,481,119)
INSERT INTO Approvisionnement.tblFournitureHotel VALUES ('HME','LAMP2',0,473,79)
INSERT INTO Approvisionnement.tblFournitureHotel VALUES ('HME','LAMP3',0,456,198)
INSERT INTO Approvisionnement.tblFournitureHotel VALUES ('HME','LOT1',0,477,145)
INSERT INTO Approvisionnement.tblFournitureHotel VALUES ('HME','LOT2',0,478,202)
INSERT INTO Approvisionnement.tblFournitureHotel VALUES ('HME','LPD1',0,486,99)
INSERT INTO Approvisionnement.tblFournitureHotel VALUES ('HME','LPD2',0,496,77)
INSERT INTO Approvisionnement.tblFournitureHotel VALUES ('HME','ORL1',0,495,221)
INSERT INTO Approvisionnement.tblFournitureHotel VALUES ('HME','ORL2',0,462,151)
INSERT INTO Approvisionnement.tblFournitureHotel VALUES ('HME','PGN1',0,462,119)
INSERT INTO Approvisionnement.tblFournitureHotel VALUES ('HME','PGN2',0,475,211)
INSERT INTO Approvisionnement.tblFournitureHotel VALUES ('HME','POU1',0,490,226)
INSERT INTO Approvisionnement.tblFournitureHotel VALUES ('HME','POU2',0,487,174)
INSERT INTO Approvisionnement.tblFournitureHotel VALUES ('HME','PRL1',0,465,159)
INSERT INTO Approvisionnement.tblFournitureHotel VALUES ('HME','PTL1',0,478,144)
INSERT INTO Approvisionnement.tblFournitureHotel VALUES ('HME','PTL2',0,464,279)
INSERT INTO Approvisionnement.tblFournitureHotel VALUES ('HME','PTS1',0,491,170)
INSERT INTO Approvisionnement.tblFournitureHotel VALUES ('HME','RDX1',0,486,154)
INSERT INTO Approvisionnement.tblFournitureHotel VALUES ('HME','RDX2',0,457,300)
INSERT INTO Approvisionnement.tblFournitureHotel VALUES ('HME','SCH1',0,453,276)
INSERT INTO Approvisionnement.tblFournitureHotel VALUES ('HME','SHP1',0,499,193)
INSERT INTO Approvisionnement.tblFournitureHotel VALUES ('HME','SRV1',0,500,118)
INSERT INTO Approvisionnement.tblFournitureHotel VALUES ('HME','SRV2',0,459,249)
INSERT INTO Approvisionnement.tblFournitureHotel VALUES ('HME','SRV3',0,466,135)
INSERT INTO Approvisionnement.tblFournitureHotel VALUES ('HME','SRV4',0,474,266)
INSERT INTO Approvisionnement.tblFournitureHotel VALUES ('HME','TAB1',0,486,256)
INSERT INTO Approvisionnement.tblFournitureHotel VALUES ('HME','TAB2',0,496,72)
INSERT INTO Approvisionnement.tblFournitureHotel VALUES ('HME','TAS1',0,473,167)
INSERT INTO Approvisionnement.tblFournitureHotel VALUES ('HME','TAS2',0,493,129)
INSERT INTO Approvisionnement.tblFournitureHotel VALUES ('HME','TBB1',0,473,114)
INSERT INTO Approvisionnement.tblFournitureHotel VALUES ('HME','TEL1',0,498,101)
INSERT INTO Approvisionnement.tblFournitureHotel VALUES ('HME','THE1',0,480,264)
INSERT INTO Approvisionnement.tblFournitureHotel VALUES ('HME','TLV1',0,469,150)
INSERT INTO Approvisionnement.tblFournitureHotel VALUES ('HME','TPS1',0,479,170)
INSERT INTO Approvisionnement.tblFournitureHotel VALUES ('HME','TPS2',0,475,71)
INSERT INTO Approvisionnement.tblFournitureHotel VALUES ('HME','TVL2',0,471,94)
INSERT INTO Approvisionnement.tblFournitureHotel VALUES ('HME','VRR1',0,493,210)
INSERT INTO Approvisionnement.tblFournitureHotel VALUES ('HME','VRR2',0,500,108)
INSERT INTO Approvisionnement.tblFournitureHotel VALUES ('HRN','AMP1',0,487,121)
INSERT INTO Approvisionnement.tblFournitureHotel VALUES ('HRN','AMP2',0,456,208)
INSERT INTO Approvisionnement.tblFournitureHotel VALUES ('HRN','CAF1',0,466,101)
INSERT INTO Approvisionnement.tblFournitureHotel VALUES ('HRN','CHS1',0,458,133)
INSERT INTO Approvisionnement.tblFournitureHotel VALUES ('HRN','CHS2',0,498,180)
INSERT INTO Approvisionnement.tblFournitureHotel VALUES ('HRN','CIN1',0,471,171)
INSERT INTO Approvisionnement.tblFournitureHotel VALUES ('HRN','CML1',0,468,128)
INSERT INTO Approvisionnement.tblFournitureHotel VALUES ('HRN','COR1',0,488,107)
INSERT INTO Approvisionnement.tblFournitureHotel VALUES ('HRN','COR2',0,452,140)
INSERT INTO Approvisionnement.tblFournitureHotel VALUES ('HRN','COU1',0,450,286)
INSERT INTO Approvisionnement.tblFournitureHotel VALUES ('HRN','COV1',0,492,298)
INSERT INTO Approvisionnement.tblFournitureHotel VALUES ('HRN','DRA1',0,473,275)
INSERT INTO Approvisionnement.tblFournitureHotel VALUES ('HRN','FAU1',0,475,300)
INSERT INTO Approvisionnement.tblFournitureHotel VALUES ('HRN','GLD1',0,486,170)
INSERT INTO Approvisionnement.tblFournitureHotel VALUES ('HRN','GLD2',0,473,211)
INSERT INTO Approvisionnement.tblFournitureHotel VALUES ('HRN','JAC1',0,451,250)
INSERT INTO Approvisionnement.tblFournitureHotel VALUES ('HRN','LAMP1',0,459,89)
INSERT INTO Approvisionnement.tblFournitureHotel VALUES ('HRN','LAMP2',0,456,134)
INSERT INTO Approvisionnement.tblFournitureHotel VALUES ('HRN','LAMP3',0,455,171)
INSERT INTO Approvisionnement.tblFournitureHotel VALUES ('HRN','LOT1',0,498,239)
INSERT INTO Approvisionnement.tblFournitureHotel VALUES ('HRN','LOT2',0,468,223)
INSERT INTO Approvisionnement.tblFournitureHotel VALUES ('HRN','LPD1',0,475,89)
INSERT INTO Approvisionnement.tblFournitureHotel VALUES ('HRN','LPD2',0,454,273)
INSERT INTO Approvisionnement.tblFournitureHotel VALUES ('HRN','ORL1',0,481,68)
INSERT INTO Approvisionnement.tblFournitureHotel VALUES ('HRN','ORL2',0,493,101)
INSERT INTO Approvisionnement.tblFournitureHotel VALUES ('HRN','PGN1',0,464,268)
INSERT INTO Approvisionnement.tblFournitureHotel VALUES ('HRN','PGN2',0,473,82)
INSERT INTO Approvisionnement.tblFournitureHotel VALUES ('HRN','POU1',0,481,195)
INSERT INTO Approvisionnement.tblFournitureHotel VALUES ('HRN','POU2',0,483,200)
INSERT INTO Approvisionnement.tblFournitureHotel VALUES ('HRN','PRL1',0,458,86)
INSERT INTO Approvisionnement.tblFournitureHotel VALUES ('HRN','PTL1',0,456,238)
INSERT INTO Approvisionnement.tblFournitureHotel VALUES ('HRN','PTL2',0,461,70)
INSERT INTO Approvisionnement.tblFournitureHotel VALUES ('HRN','PTS1',0,483,267)
INSERT INTO Approvisionnement.tblFournitureHotel VALUES ('HRN','RDX1',0,459,299)
INSERT INTO Approvisionnement.tblFournitureHotel VALUES ('HRN','RDX2',0,485,231)
INSERT INTO Approvisionnement.tblFournitureHotel VALUES ('HRN','SCH1',0,467,84)
INSERT INTO Approvisionnement.tblFournitureHotel VALUES ('HRN','SHP1',0,465,99)
INSERT INTO Approvisionnement.tblFournitureHotel VALUES ('HRN','SRV1',0,493,73)
INSERT INTO Approvisionnement.tblFournitureHotel VALUES ('HRN','SRV2',0,484,102)
INSERT INTO Approvisionnement.tblFournitureHotel VALUES ('HRN','SRV3',0,470,104)
INSERT INTO Approvisionnement.tblFournitureHotel VALUES ('HRN','SRV4',0,468,220)
INSERT INTO Approvisionnement.tblFournitureHotel VALUES ('HRN','TAB1',0,455,255)
INSERT INTO Approvisionnement.tblFournitureHotel VALUES ('HRN','TAB2',0,466,214)
INSERT INTO Approvisionnement.tblFournitureHotel VALUES ('HRN','TAS1',0,460,273)
INSERT INTO Approvisionnement.tblFournitureHotel VALUES ('HRN','TAS2',0,474,179)
INSERT INTO Approvisionnement.tblFournitureHotel VALUES ('HRN','TBB1',0,485,114)
INSERT INTO Approvisionnement.tblFournitureHotel VALUES ('HRN','TEL1',0,480,98)
INSERT INTO Approvisionnement.tblFournitureHotel VALUES ('HRN','THE1',0,480,164)
INSERT INTO Approvisionnement.tblFournitureHotel VALUES ('HRN','TLV1',0,450,285)
INSERT INTO Approvisionnement.tblFournitureHotel VALUES ('HRN','TPS1',0,492,137)
INSERT INTO Approvisionnement.tblFournitureHotel VALUES ('HRN','TPS2',0,451,160)
INSERT INTO Approvisionnement.tblFournitureHotel VALUES ('HRN','TVL2',0,486,274)
INSERT INTO Approvisionnement.tblFournitureHotel VALUES ('HRN','VRR1',0,467,285)
INSERT INTO Approvisionnement.tblFournitureHotel VALUES ('HRN','VRR2',0,488,168)
INSERT INTO Approvisionnement.tblFournitureHotel VALUES ('HSA','AMP1',0,451,165)
INSERT INTO Approvisionnement.tblFournitureHotel VALUES ('HSA','AMP2',0,457,121)
INSERT INTO Approvisionnement.tblFournitureHotel VALUES ('HSA','CAF1',0,467,227)
INSERT INTO Approvisionnement.tblFournitureHotel VALUES ('HSA','CHS1',0,455,79)
INSERT INTO Approvisionnement.tblFournitureHotel VALUES ('HSA','CHS2',0,498,255)
INSERT INTO Approvisionnement.tblFournitureHotel VALUES ('HSA','CIN1',0,469,82)
INSERT INTO Approvisionnement.tblFournitureHotel VALUES ('HSA','CML1',0,489,127)
INSERT INTO Approvisionnement.tblFournitureHotel VALUES ('HSA','COR1',0,459,191)
INSERT INTO Approvisionnement.tblFournitureHotel VALUES ('HSA','COR2',0,492,208)
INSERT INTO Approvisionnement.tblFournitureHotel VALUES ('HSA','COU1',0,474,290)
INSERT INTO Approvisionnement.tblFournitureHotel VALUES ('HSA','COV1',0,453,283)
INSERT INTO Approvisionnement.tblFournitureHotel VALUES ('HSA','DRA1',0,500,235)
INSERT INTO Approvisionnement.tblFournitureHotel VALUES ('HSA','FAU1',0,455,262)
INSERT INTO Approvisionnement.tblFournitureHotel VALUES ('HSA','GLD1',0,499,91)
INSERT INTO Approvisionnement.tblFournitureHotel VALUES ('HSA','GLD2',0,475,245)
INSERT INTO Approvisionnement.tblFournitureHotel VALUES ('HSA','JAC1',0,469,120)
INSERT INTO Approvisionnement.tblFournitureHotel VALUES ('HSA','LAMP1',0,495,88)
INSERT INTO Approvisionnement.tblFournitureHotel VALUES ('HSA','LAMP2',0,494,138)
INSERT INTO Approvisionnement.tblFournitureHotel VALUES ('HSA','LAMP3',0,467,201)
INSERT INTO Approvisionnement.tblFournitureHotel VALUES ('HSA','LOT1',0,480,177)
INSERT INTO Approvisionnement.tblFournitureHotel VALUES ('HSA','LOT2',0,494,203)
INSERT INTO Approvisionnement.tblFournitureHotel VALUES ('HSA','LPD1',0,453,136)
INSERT INTO Approvisionnement.tblFournitureHotel VALUES ('HSA','LPD2',0,470,73)
INSERT INTO Approvisionnement.tblFournitureHotel VALUES ('HSA','ORL1',0,482,74)
INSERT INTO Approvisionnement.tblFournitureHotel VALUES ('HSA','ORL2',0,497,257)
INSERT INTO Approvisionnement.tblFournitureHotel VALUES ('HSA','PGN1',0,458,246)
INSERT INTO Approvisionnement.tblFournitureHotel VALUES ('HSA','PGN2',0,491,74)
INSERT INTO Approvisionnement.tblFournitureHotel VALUES ('HSA','POU1',0,484,69)
INSERT INTO Approvisionnement.tblFournitureHotel VALUES ('HSA','POU2',0,472,69)
INSERT INTO Approvisionnement.tblFournitureHotel VALUES ('HSA','PRL1',0,467,220)
INSERT INTO Approvisionnement.tblFournitureHotel VALUES ('HSA','PTL1',0,470,169)
INSERT INTO Approvisionnement.tblFournitureHotel VALUES ('HSA','PTL2',0,472,210)
INSERT INTO Approvisionnement.tblFournitureHotel VALUES ('HSA','PTS1',0,497,224)
INSERT INTO Approvisionnement.tblFournitureHotel VALUES ('HSA','RDX1',0,451,257)
INSERT INTO Approvisionnement.tblFournitureHotel VALUES ('HSA','RDX2',0,452,110)
INSERT INTO Approvisionnement.tblFournitureHotel VALUES ('HSA','SCH1',0,488,288)
INSERT INTO Approvisionnement.tblFournitureHotel VALUES ('HSA','SHP1',0,484,257)
INSERT INTO Approvisionnement.tblFournitureHotel VALUES ('HSA','SRV1',0,498,197)
INSERT INTO Approvisionnement.tblFournitureHotel VALUES ('HSA','SRV2',0,475,77)
INSERT INTO Approvisionnement.tblFournitureHotel VALUES ('HSA','SRV3',0,466,190)
INSERT INTO Approvisionnement.tblFournitureHotel VALUES ('HSA','SRV4',0,487,201)
INSERT INTO Approvisionnement.tblFournitureHotel VALUES ('HSA','TAB1',0,478,216)
INSERT INTO Approvisionnement.tblFournitureHotel VALUES ('HSA','TAB2',0,495,93)
INSERT INTO Approvisionnement.tblFournitureHotel VALUES ('HSA','TAS1',0,455,193)
INSERT INTO Approvisionnement.tblFournitureHotel VALUES ('HSA','TAS2',0,468,136)
INSERT INTO Approvisionnement.tblFournitureHotel VALUES ('HSA','TBB1',0,462,74)
INSERT INTO Approvisionnement.tblFournitureHotel VALUES ('HSA','TEL1',0,467,154)
INSERT INTO Approvisionnement.tblFournitureHotel VALUES ('HSA','THE1',0,465,191)
INSERT INTO Approvisionnement.tblFournitureHotel VALUES ('HSA','TLV1',0,473,219)
INSERT INTO Approvisionnement.tblFournitureHotel VALUES ('HSA','TPS1',0,487,298)
INSERT INTO Approvisionnement.tblFournitureHotel VALUES ('HSA','TPS2',0,461,97)
INSERT INTO Approvisionnement.tblFournitureHotel VALUES ('HSA','TVL2',0,490,250)
INSERT INTO Approvisionnement.tblFournitureHotel VALUES ('HSA','VRR1',0,491,139)
INSERT INTO Approvisionnement.tblFournitureHotel VALUES ('HSA','VRR2',0,497,69)
GO

SELECT * FROM Approvisionnement.tblFournitureHotel

PRINT('Chargement Personnel.tblEmploye')
GO
INSERT INTO Personnel.tblEmploye(NomEmploye,PreNomEmploye,SexeEmploye,AdresseEmploye,TypeEmploi,NoTelephoneEmploye,NasEmploye,DateNaissance,IdentifiantEmploye,MdpEmploye)			 VALUES ('McKenzie'		,'Kenzie'	,'M','500 Or'				,'Gestion'  ,'(500)-548-1210','745-546-987','1985-10-05','McKKe001','KM111301')
INSERT INTO Personnel.tblEmploye(NomEmploye,PreNomEmploye,SexeEmploye,AdresseEmploye,TypeEmploi,NoTelephoneEmploye,NasEmploye,DateNaissance,IdentifiantEmploye,MdpEmploye)			 VALUES ('Léquyer'		,'Damien'	,'M','4000 Argent'			,'Gestion'  ,'(500)-548-9274','454-345-786','1979-05-13','LeqDa001','DL041201')
INSERT INTO Personnel.tblEmploye(NomEmploye,PreNomEmploye,SexeEmploye,AdresseEmploye,TypeEmploi,NoTelephoneEmploye,NasEmploye,DateNaissance,IdentifiantEmploye,MdpEmploye)			 VALUES ('Campbell'		,'Bruce'	,'M','7500 Bronze'			,'Gestion'  ,'(500)-548-6234','306-999-396','1975-01-16','CamBr001','BC030201')
INSERT INTO Personnel.tblEmploye(NomEmploye,PreNomEmploye,SexeEmploye,AdresseEmploye,TypeEmploi,NoTelephoneEmploye,NasEmploye,DateNaissance,IdentifiantEmploye,MdpEmploye)			 VALUES ('Bourassa'		,'Adam'		,'M','10 Platine'			,'Gestion'  ,'(500)-548-1374','346-666-346','1979-08-09','BouAd001','AD010201')
INSERT INTO Personnel.tblEmploye(NomEmploye,PreNomEmploye,SexeEmploye,AdresseEmploye,TypeEmploi,NoTelephoneEmploye,NasEmploye,DateNaissance,IdentifiantEmploye,MdpEmploye)			 VALUES ('Hébert'		,'Charles'	,'M','9000 Cuivre'			,'Gestion'  ,'(500)-548-3234','345-545-546','1980-01-08','HebCh001','CH030801')
INSERT INTO Personnel.tblEmploye(NomEmploye,PreNomEmploye,SexeEmploye,AdresseEmploye,TypeEmploi,NoTelephoneEmploye,NasEmploye,DateNaissance,IdentifiantEmploye,MdpEmploye)			 VALUES ('CoeurDeLion'  ,'Richard'	,'M','5000 DuRoi'			,'Proprio  ','(500)-500-5000','500-500-500','1945-12-25','CoeRi001','RC180301')
INSERT INTO Personnel.tblEmploye(NomEmploye,PreNomEmploye,SexeEmploye,AdresseEmploye,TypeEmploi,NoTelephoneEmploye,NasEmploye,DateNaissance,IdentifiantEmploye,MdpEmploye,CodeHotel) VALUES ('PetitBoeuf'   ,'Jaques'	,'M','2550 Cpasvari'		,'Reception','(418)-548-1234','306-206-106','1999-12-25','PetJa001','JP101501','HDT')
INSERT INTO Personnel.tblEmploye(NomEmploye,PreNomEmploye,SexeEmploye,AdresseEmploye,TypeEmploi,NoTelephoneEmploye,NasEmploye,DateNaissance,IdentifiantEmploye,MdpEmploye,CodeHotel) VALUES ('Bertrand'     ,'Antoine'	,'M','2190 Sanssouci'		,'Reception','(418)-548-5678','308-208-108','1995-10-15','BerAn001','AB010201','HDT')
INSERT INTO Personnel.tblEmploye(NomEmploye,PreNomEmploye,SexeEmploye,AdresseEmploye,TypeEmploi,NoTelephoneEmploye,NasEmploye,DateNaissance,IdentifiantEmploye,MdpEmploye,CodeHotel) VALUES ('Corneau'      ,'Mickael'	,'M','1510 LaMarche'		,'Entretien','(418)-820-1845','102-203-405','1989-01-05','CorMi001','MC130301','HDT')
INSERT INTO Personnel.tblEmploye(NomEmploye,PreNomEmploye,SexeEmploye,AdresseEmploye,TypeEmploi,NoTelephoneEmploye,NasEmploye,DateNaissance,IdentifiantEmploye,MdpEmploye,CodeHotel) VALUES ('Petit'        ,'Damien'	,'M','350 Ste-James'		,'Entretien','(418)-815-7765','310-200-908','1990-01-20','PetDa001','DP041501','HDT')
INSERT INTO Personnel.tblEmploye(NomEmploye,PreNomEmploye,SexeEmploye,AdresseEmploye,TypeEmploi,NoTelephoneEmploye,NasEmploye,DateNaissance,IdentifiantEmploye,MdpEmploye,CodeHotel) VALUES ('Bouchard'     ,'Éric'	    ,'M','1010 Ste-nicolas'	    ,'Ventes'   ,'(418)-540-1010','300-200-150','1979-11-20','BouEr001','EB050201','HDT')
INSERT INTO Personnel.tblEmploye(NomEmploye,PreNomEmploye,SexeEmploye,AdresseEmploye,TypeEmploi,NoTelephoneEmploye,NasEmploye,DateNaissance,IdentifiantEmploye,MdpEmploye,CodeHotel) VALUES ('Lafleur'      ,'Andrea'	,'F','2000 Vari'			,'Gerance'  ,'(418)-548-1004','326-226-126','1966-12-21','LafAn001','AF011201','HDT')
INSERT INTO Personnel.tblEmploye(NomEmploye,PreNomEmploye,SexeEmploye,AdresseEmploye,TypeEmploi,NoTelephoneEmploye,NasEmploye,DateNaissance,IdentifiantEmploye,MdpEmploye,CodeHotel) VALUES ('Gagnon'       ,'Gino'	    ,'M','9050 Ste-Charles'	    ,'Reception','(354)-345-6854','236-452-492','1960-06-15','GagGi001','GG070701','HMR')
INSERT INTO Personnel.tblEmploye(NomEmploye,PreNomEmploye,SexeEmploye,AdresseEmploye,TypeEmploi,NoTelephoneEmploye,NasEmploye,DateNaissance,IdentifiantEmploye,MdpEmploye,CodeHotel) VALUES ('Suko'		    ,'Skikakou' ,'M','2045 DuSapin'		    ,'Reception','(354)-564-9847','566-954-429','1970-08-28','SukSh001','SS191901','HMR')
INSERT INTO Personnel.tblEmploye(NomEmploye,PreNomEmploye,SexeEmploye,AdresseEmploye,TypeEmploi,NoTelephoneEmploye,NasEmploye,DateNaissance,IdentifiantEmploye,MdpEmploye,CodeHotel) VALUES ('Liba'		    ,'Timmy'	,'M','4060 Boul.Rikarson'	,'Entretien','(354)-478-1857','351-621-439','1965-03-26','LibTi001','TL201201','HMR')
INSERT INTO Personnel.tblEmploye(NomEmploye,PreNomEmploye,SexeEmploye,AdresseEmploye,TypeEmploi,NoTelephoneEmploye,NasEmploye,DateNaissance,IdentifiantEmploye,MdpEmploye,CodeHotel) VALUES ('Qorukou'	    ,'Hitomi'	,'F','2987 DuRuisseau'		,'Entretien','(354)-784-1647','165-387-464','1992-12-30','QorHi001','HQ081701','HMR')
INSERT INTO Personnel.tblEmploye(NomEmploye,PreNomEmploye,SexeEmploye,AdresseEmploye,TypeEmploi,NoTelephoneEmploye,NasEmploye,DateNaissance,IdentifiantEmploye,MdpEmploye,CodeHotel) VALUES ('Tremblay'	    ,'Hector'	,'M','2897 Ste-Émilie'		,'Ventes'   ,'(354)-164-7985','789-756-493','1993-11-01','TreHe001','HT082001','HMR')
INSERT INTO Personnel.tblEmploye(NomEmploye,PreNomEmploye,SexeEmploye,AdresseEmploye,TypeEmploi,NoTelephoneEmploye,NasEmploye,DateNaissance,IdentifiantEmploye,MdpEmploye,CodeHotel) VALUES ('Leboeuf'	    ,'Anreanne' ,'F','6770 Diamant'		    ,'Gerance'  ,'(354)-487-1647','465-423-715','1991-01-05','LebAn001','AL011201','HMR')
INSERT INTO Personnel.tblEmploye(NomEmploye,PreNomEmploye,SexeEmploye,AdresseEmploye,TypeEmploi,NoTelephoneEmploye,NasEmploye,DateNaissance,IdentifiantEmploye,MdpEmploye,CodeHotel) VALUES ('GastonGay'    ,'Accel'	,'M','987 Émeraude'		    ,'Reception','(677)-753-4785','135-189-175','1990-02-14','GasAc001','AC010701','HJC')
INSERT INTO Personnel.tblEmploye(NomEmploye,PreNomEmploye,SexeEmploye,AdresseEmploye,TypeEmploi,NoTelephoneEmploye,NasEmploye,DateNaissance,IdentifiantEmploye,MdpEmploye,CodeHotel) VALUES ('Tremblay'	    ,'Yannick'	,'M','7658 Rubis'			,'Reception','(677)-468-1474','468-621-795','1986-03-31','TreYa001','YT252001','HJC')
INSERT INTO Personnel.tblEmploye(NomEmploye,PreNomEmploye,SexeEmploye,AdresseEmploye,TypeEmploi,NoTelephoneEmploye,NasEmploye,DateNaissance,IdentifiantEmploye,MdpEmploye,CodeHotel) VALUES ('Girard'	    ,'Anne'	    ,'F','3409 Saphir'			,'Entretien','(677)-487-7985','798-753-957','1987-08-26','GirAn001','AG010701','HJC')
INSERT INTO Personnel.tblEmploye(NomEmploye,PreNomEmploye,SexeEmploye,AdresseEmploye,TypeEmploi,NoTelephoneEmploye,NasEmploye,DateNaissance,IdentifiantEmploye,MdpEmploye,CodeHotel) VALUES ('Xavier'	    ,'Richard'	,'M','487 Opale'			,'Entretien','(677)-468-4985','465-951-975','1969-04-14','XavRi001','RX182401','HJC')
INSERT INTO Personnel.tblEmploye(NomEmploye,PreNomEmploye,SexeEmploye,AdresseEmploye,TypeEmploi,NoTelephoneEmploye,NasEmploye,DateNaissance,IdentifiantEmploye,MdpEmploye,CodeHotel) VALUES ('Tremblay'	    ,'Sebastien','M','90 Charbon'			,'Ventes'   ,'(677)-146-8888','321-627-135','1973-06-16','TreSe001','ST192001','HJC')
INSERT INTO Personnel.tblEmploye(NomEmploye,PreNomEmploye,SexeEmploye,AdresseEmploye,TypeEmploi,NoTelephoneEmploye,NasEmploye,DateNaissance,IdentifiantEmploye,MdpEmploye,CodeHotel) VALUES ('Colibri'	    ,'Amélia'	,'F','01 DeLaLave'			,'Gerance'  ,'(677)-558-4685','741-843-153','1973-12-01','ColAm001','AC010301','HJC')
INSERT INTO Personnel.tblEmploye(NomEmploye,PreNomEmploye,SexeEmploye,AdresseEmploye,TypeEmploi,NoTelephoneEmploye,NasEmploye,DateNaissance,IdentifiantEmploye,MdpEmploye,CodeHotel) VALUES ('Barlabonne'   ,'Carl'	    ,'M','7896 Xircon'			,'Reception','(900)-582-4689','852-624-315','1984-06-06','BarCa001','CB030101','HDC')
INSERT INTO Personnel.tblEmploye(NomEmploye,PreNomEmploye,SexeEmploye,AdresseEmploye,TypeEmploi,NoTelephoneEmploye,NasEmploye,DateNaissance,IdentifiantEmploye,MdpEmploye,CodeHotel) VALUES ('Phoenix'	    ,'Xavier'	,'M','574 Peuplier'		    ,'Reception','(900)-555-1884','966-381-351','1987-05-07','PhoXa001','XP241601','HDC')
INSERT INTO Personnel.tblEmploye(NomEmploye,PreNomEmploye,SexeEmploye,AdresseEmploye,TypeEmploi,NoTelephoneEmploye,NasEmploye,DateNaissance,IdentifiantEmploye,MdpEmploye,CodeHotel) VALUES ('Fortin'	    ,'James'	,'M','3847 Eglise'			,'Entretien','(900)-508-3230','159-153-284','1989-04-09','ForJa001','JF100601','HDC')
INSERT INTO Personnel.tblEmploye(NomEmploye,PreNomEmploye,SexeEmploye,AdresseEmploye,TypeEmploi,NoTelephoneEmploye,NasEmploye,DateNaissance,IdentifiantEmploye,MdpEmploye,CodeHotel) VALUES ('Tremblay'	    ,'Nico'	    ,'M','3098 Asari'			,'Entretien','(900)-456-3769','267-468-286','1983-04-11','TreNi001','NT142001','HDC')
INSERT INTO Personnel.tblEmploye(NomEmploye,PreNomEmploye,SexeEmploye,AdresseEmploye,TypeEmploi,NoTelephoneEmploye,NasEmploye,DateNaissance,IdentifiantEmploye,MdpEmploye,CodeHotel) VALUES ('Fortin'	    ,'Linda'	,'F','3467 Garou'			,'Ventes'   ,'(900)-876-9987','348-647-682','1988-10-16','ForLi001','LF120601','HDC')
INSERT INTO Personnel.tblEmploye(NomEmploye,PreNomEmploye,SexeEmploye,AdresseEmploye,TypeEmploi,NoTelephoneEmploye,NasEmploye,DateNaissance,IdentifiantEmploye,MdpEmploye,CodeHotel) VALUES ('Brassard'     ,'Jaques'	,'M','987 Vampire'			,'Gerance'  ,'(900)-687-1234','753-641-248','1976-09-05','BraJa001','JB100201','HDC')
INSERT INTO Personnel.tblEmploye(NomEmploye,PreNomEmploye,SexeEmploye,AdresseEmploye,TypeEmploi,NoTelephoneEmploye,NasEmploye,DateNaissance,IdentifiantEmploye,MdpEmploye,CodeHotel) VALUES ('Tremblay'     ,'Maria'	,'F','234 Momie'			,'Reception','(410)-468-7821','429-463-285','1978-02-20','TreMa001','MT132001','HSA')
INSERT INTO Personnel.tblEmploye(NomEmploye,PreNomEmploye,SexeEmploye,AdresseEmploye,TypeEmploi,NoTelephoneEmploye,NasEmploye,DateNaissance,IdentifiantEmploye,MdpEmploye,CodeHotel) VALUES ('Girard'	    ,'Dereck'	,'M','666 Chou'			    ,'Reception','(410)-582-9874','186-458-497','1975-03-28','GirDe001','DG040701','HSA')
INSERT INTO Personnel.tblEmploye(NomEmploye,PreNomEmploye,SexeEmploye,AdresseEmploye,TypeEmploi,NoTelephoneEmploye,NasEmploye,DateNaissance,IdentifiantEmploye,MdpEmploye,CodeHotel) VALUES ('Tremblay'	    ,'Marc'	    ,'M','487 Piro'			    ,'Entretien','(410)-208-1654','205-125-649','1977-04-01','TreMa002','MT132002','HSA')
INSERT INTO Personnel.tblEmploye(NomEmploye,PreNomEmploye,SexeEmploye,AdresseEmploye,TypeEmploi,NoTelephoneEmploye,NasEmploye,DateNaissance,IdentifiantEmploye,MdpEmploye,CodeHotel) VALUES ('Villeneuve'   ,'Guy'	    ,'M','4876 Glacia'			,'Entretien','(410)-147-9510','208-452-461','1979-06-06','VilGu001','GV072201','HSA')
INSERT INTO Personnel.tblEmploye(NomEmploye,PreNomEmploye,SexeEmploye,AdresseEmploye,TypeEmploi,NoTelephoneEmploye,NasEmploye,DateNaissance,IdentifiantEmploye,MdpEmploye,CodeHotel) VALUES ('Larouche'	    ,'Joseph'   ,'M','349 Terraria'		    ,'Ventes'   ,'(410)-258-0267','202-785-643','1984-07-09','LarJo001','JL101201','HSA')
INSERT INTO Personnel.tblEmploye(NomEmploye,PreNomEmploye,SexeEmploye,AdresseEmploye,TypeEmploi,NoTelephoneEmploye,NasEmploye,DateNaissance,IdentifiantEmploye,MdpEmploye,CodeHotel) VALUES ('Smith'	    ,'Jacob'	,'M','498 Windy'			,'Gerance'  ,'(410)-369-7530','312-128-100','1978-08-15','SmiJa001','JS101901','HSA')
INSERT INTO Personnel.tblEmploye(NomEmploye,PreNomEmploye,SexeEmploye,AdresseEmploye,TypeEmploi,NoTelephoneEmploye,NasEmploye,DateNaissance,IdentifiantEmploye,MdpEmploye,CodeHotel) VALUES ('Malcom'		,'James'	,'M','298 Patate'			,'Reception','(300)-540-1220','455-992-106','1980-12-25','MalJa001','JM101301','HDB')
INSERT INTO Personnel.tblEmploye(NomEmploye,PreNomEmploye,SexeEmploye,AdresseEmploye,TypeEmploi,NoTelephoneEmploye,NasEmploye,DateNaissance,IdentifiantEmploye,MdpEmploye,CodeHotel) VALUES ('Murray'		,'Kim'		,'F','3846 Carotte'			,'Reception','(300)-540-5697','135-772-106','1979-12-25','MurKi001','KM111301','HDB')
INSERT INTO Personnel.tblEmploye(NomEmploye,PreNomEmploye,SexeEmploye,AdresseEmploye,TypeEmploi,NoTelephoneEmploye,NasEmploye,DateNaissance,IdentifiantEmploye,MdpEmploye,CodeHotel) VALUES ('McFersson'	,'Tristan'	,'M','34 Céleri'			,'Entretien','(300)-540-4857','369-442-106','1978-12-25','McfTr001','TM201301','HDB')
INSERT INTO Personnel.tblEmploye(NomEmploye,PreNomEmploye,SexeEmploye,AdresseEmploye,TypeEmploi,NoTelephoneEmploye,NasEmploye,DateNaissance,IdentifiantEmploye,MdpEmploye,CodeHotel) VALUES ('Leblanc'		,'Amy'		,'F','2987 Navet'			,'Entretien','(300)-820-9191','258-662-106','1977-12-25','LebAm001','AL011201','HDB')
INSERT INTO Personnel.tblEmploye(NomEmploye,PreNomEmploye,SexeEmploye,AdresseEmploye,TypeEmploi,NoTelephoneEmploye,NasEmploye,DateNaissance,IdentifiantEmploye,MdpEmploye,CodeHotel) VALUES ('Harrigton'	,'Richard'	,'M','36 Céleri'			,'Ventes'	,'(300)-820-2908','147-330-106','1976-12-25','HarRi001','RH180801','HDB')
INSERT INTO Personnel.tblEmploye(NomEmploye,PreNomEmploye,SexeEmploye,AdresseEmploye,TypeEmploi,NoTelephoneEmploye,NasEmploye,DateNaissance,IdentifiantEmploye,MdpEmploye,CodeHotel) VALUES ('DuChaine'		,'Benoit'	,'M','3276 Fève'			,'Gerance'	,'(300)-699-4467','123-110-106','1975-12-25','DucMi001','MD130401','HDB')
INSERT INTO Personnel.tblEmploye(NomEmploye,PreNomEmploye,SexeEmploye,AdresseEmploye,TypeEmploi,NoTelephoneEmploye,NasEmploye,DateNaissance,IdentifiantEmploye,MdpEmploye,CodeHotel) VALUES ('DeLaMontagne' ,'Michel'	,'M','9807 Pomme'			,'Reception','(200)-540-3746','456-775-106','1981-12-25','DelMi001','MD130402','HME')
INSERT INTO Personnel.tblEmploye(NomEmploye,PreNomEmploye,SexeEmploye,AdresseEmploye,TypeEmploi,NoTelephoneEmploye,NasEmploye,DateNaissance,IdentifiantEmploye,MdpEmploye,CodeHotel) VALUES ('Gonzalez'		,'Esteban'	,'M','3876 Poire'			,'Reception','(200)-364-6543','789-995-106','1982-12-25','GonEs001','EG050701','HME')
INSERT INTO Personnel.tblEmploye(NomEmploye,PreNomEmploye,SexeEmploye,AdresseEmploye,TypeEmploi,NoTelephoneEmploye,NasEmploye,DateNaissance,IdentifiantEmploye,MdpEmploye,CodeHotel) VALUES ('Ernandez'		,'Jacob'	,'M','23 Banane'			,'Entretien','(200)-375-4943','987-885-106','1983-12-25','ErnJa001','JE051001','HME')
INSERT INTO Personnel.tblEmploye(NomEmploye,PreNomEmploye,SexeEmploye,AdresseEmploye,TypeEmploi,NoTelephoneEmploye,NasEmploye,DateNaissance,IdentifiantEmploye,MdpEmploye,CodeHotel) VALUES ('Polo'			,'Marco'	,'M','276 Fraise'			,'Entretien','(200)-575-4389','654-996-106','1984-12-25','PolMa001','MP131601','HME')
INSERT INTO Personnel.tblEmploye(NomEmploye,PreNomEmploye,SexeEmploye,AdresseEmploye,TypeEmploi,NoTelephoneEmploye,NasEmploye,DateNaissance,IdentifiantEmploye,MdpEmploye,CodeHotel) VALUES ('Anderson'		,'Bryan'	,'M','9764 Framboise'		,'Ventes'	,'(200)-234-2355','321-774-106','1985-12-25','AndBr001','BA020101','HME')
INSERT INTO Personnel.tblEmploye(NomEmploye,PreNomEmploye,SexeEmploye,AdresseEmploye,TypeEmploi,NoTelephoneEmploye,NasEmploye,DateNaissance,IdentifiantEmploye,MdpEmploye,CodeHotel) VALUES ('Leroux'		,'Paul'		,'M','3974 Annanas'			,'Gerance'	,'(200)-324-6543','963-885-106','1986-12-25','LerPa001','PL161201','HME')
INSERT INTO Personnel.tblEmploye(NomEmploye,PreNomEmploye,SexeEmploye,AdresseEmploye,TypeEmploi,NoTelephoneEmploye,NasEmploye,DateNaissance,IdentifiantEmploye,MdpEmploye,CodeHotel) VALUES ('Lavoie'		,'Erica'	,'F','2550 Bleuet'			,'Reception','(100)-233-4500','852-446-106','1985-12-25','LavEr001','EL051201','HBE')
INSERT INTO Personnel.tblEmploye(NomEmploye,PreNomEmploye,SexeEmploye,AdresseEmploye,TypeEmploi,NoTelephoneEmploye,NasEmploye,DateNaissance,IdentifiantEmploye,MdpEmploye,CodeHotel) VALUES ('Breton'		,'Emily'	,'F','8765 Raisin'			,'Reception','(100)-400-4000','741-664-106','1984-12-25','BreEm001','EB050201','HBE')
INSERT INTO Personnel.tblEmploye(NomEmploye,PreNomEmploye,SexeEmploye,AdresseEmploye,TypeEmploi,NoTelephoneEmploye,NasEmploye,DateNaissance,IdentifiantEmploye,MdpEmploye,CodeHotel) VALUES ('Holmes'		,'Carl'		,'M','937 Hockey'			,'Entretien','(100)-234-2142','159-113-106','1983-12-25','HolCa001','CH030801','HBE')
INSERT INTO Personnel.tblEmploye(NomEmploye,PreNomEmploye,SexeEmploye,AdresseEmploye,TypeEmploi,NoTelephoneEmploye,NasEmploye,DateNaissance,IdentifiantEmploye,MdpEmploye,CodeHotel) VALUES ('Baxton'		,'Jason'	,'M','364 Baseball'			,'Entretien','(100)-400-1234','753-331-106','1982-12-25','BaxJa001','JB100201','HBE')
INSERT INTO Personnel.tblEmploye(NomEmploye,PreNomEmploye,SexeEmploye,AdresseEmploye,TypeEmploi,NoTelephoneEmploye,NasEmploye,DateNaissance,IdentifiantEmploye,MdpEmploye,CodeHotel) VALUES ('Smith'		,'Jonh'		,'M','123 Football'			,'Ventes'	,'(100)-555-1234','357-228-106','1981-12-25','SmiJo001','JS051901','HBE')
INSERT INTO Personnel.tblEmploye(NomEmploye,PreNomEmploye,SexeEmploye,AdresseEmploye,TypeEmploi,NoTelephoneEmploye,NasEmploye,DateNaissance,IdentifiantEmploye,MdpEmploye,CodeHotel) VALUES ('Tremblay'		,'Jonathan' ,'M','876 Soccer'			,'Gerance'	,'(100)-123-1333','951-339-106','1980-12-25','TreJo001','JT102001','HBE')
INSERT INTO Personnel.tblEmploye(NomEmploye,PreNomEmploye,SexeEmploye,AdresseEmploye,TypeEmploi,NoTelephoneEmploye,NasEmploye,DateNaissance,IdentifiantEmploye,MdpEmploye,CodeHotel) VALUES ('Zoulou'		,'Dimitri'	,'M','568 Golf'				,'Reception','(400)-754-9874','153-117-106','1990-12-25','ZouDi001','DZ042601','HGC')
INSERT INTO Personnel.tblEmploye(NomEmploye,PreNomEmploye,SexeEmploye,AdresseEmploye,TypeEmploi,NoTelephoneEmploye,NasEmploye,DateNaissance,IdentifiantEmploye,MdpEmploye,CodeHotel) VALUES ('Roy'			,'Billy'	,'M','4654 Course'			,'Reception','(400)-509-1234','957-993-106','1991-12-25','RoyBi001','BR021801','HGC')
INSERT INTO Personnel.tblEmploye(NomEmploye,PreNomEmploye,SexeEmploye,AdresseEmploye,TypeEmploi,NoTelephoneEmploye,NasEmploye,DateNaissance,IdentifiantEmploye,MdpEmploye,CodeHotel) VALUES ('Gauthier'		,'Françis'	,'M','6568 Natation'		,'Entretien','(400)-405-1352','759-771-106','1992-12-25','GauFr001','FG060701','HGC')
INSERT INTO Personnel.tblEmploye(NomEmploye,PreNomEmploye,SexeEmploye,AdresseEmploye,TypeEmploi,NoTelephoneEmploye,NasEmploye,DateNaissance,IdentifiantEmploye,MdpEmploye,CodeHotel) VALUES ('Ouellet'		,'Karl'		,'M','8546 Vélo'			,'Entretien','(400)-458-1302','146-390-106','1991-12-25','OueKa001','KO111501','HGC')
INSERT INTO Personnel.tblEmploye(NomEmploye,PreNomEmploye,SexeEmploye,AdresseEmploye,TypeEmploi,NoTelephoneEmploye,NasEmploye,DateNaissance,IdentifiantEmploye,MdpEmploye,CodeHotel) VALUES ('Paquette'		,'Dominic'	,'M','8850 Ski'				,'Ventes'	,'(400)-596-4528','364-170-106','1990-12-25','PaqDo001','DP041601','HGC')
INSERT INTO Personnel.tblEmploye(NomEmploye,PreNomEmploye,SexeEmploye,AdresseEmploye,TypeEmploi,NoTelephoneEmploye,NasEmploye,DateNaissance,IdentifiantEmploye,MdpEmploye,CodeHotel) VALUES ('Clouthier'	,'Véronica'	,'F','90 Patinage'			,'Gerance'  ,'(400)-485-9874','746-280-106','1960-12-25','CloVe001','VC220301','HGC')
INSERT INTO Personnel.tblEmploye(NomEmploye,PreNomEmploye,SexeEmploye,AdresseEmploye,TypeEmploi,NoTelephoneEmploye,NasEmploye,DateNaissance,IdentifiantEmploye,MdpEmploye,CodeHotel) VALUES ('Savard'		,'Olivier'	,'M','450 Jaune'			,'Reception','(600)-125-7896','964-644-106','1965-12-25','SavOl001','OS151901','HRN')
INSERT INTO Personnel.tblEmploye(NomEmploye,PreNomEmploye,SexeEmploye,AdresseEmploye,TypeEmploi,NoTelephoneEmploye,NasEmploye,DateNaissance,IdentifiantEmploye,MdpEmploye,CodeHotel) VALUES ('Turquotte'	,'Jean'		,'M','2550 Bleu'			,'Reception','(600)-485-9635','820-311-106','1970-12-25','TurJe001','JT102001','HRN')
INSERT INTO Personnel.tblEmploye(NomEmploye,PreNomEmploye,SexeEmploye,AdresseEmploye,TypeEmploi,NoTelephoneEmploye,NasEmploye,DateNaissance,IdentifiantEmploye,MdpEmploye,CodeHotel) VALUES ('Lapointe'		,'Nadine'	,'F','8765 Rouge'			,'Entretien','(600)-785-4769','029-113-106','1975-12-25','LapNa001','NP141601','HRN')
INSERT INTO Personnel.tblEmploye(NomEmploye,PreNomEmploye,SexeEmploye,AdresseEmploye,TypeEmploi,NoTelephoneEmploye,NasEmploye,DateNaissance,IdentifiantEmploye,MdpEmploye,CodeHotel) VALUES ('Bouchard'		,'Michelle'	,'F','9980 Vert'			,'Entretien','(600)-135-3614','027-854-106','1980-12-25','BouMi001','MB130201','HRN')
INSERT INTO Personnel.tblEmploye(NomEmploye,PreNomEmploye,SexeEmploye,AdresseEmploye,TypeEmploi,NoTelephoneEmploye,NasEmploye,DateNaissance,IdentifiantEmploye,MdpEmploye,CodeHotel) VALUES ('Tremblay'		,'Linne'	,'F','3040 Noir'			,'ventes'	,'(600)-152-2536','034-856-106','1985-12-25','TreLi001','LT122001','HRN')
INSERT INTO Personnel.tblEmploye(NomEmploye,PreNomEmploye,SexeEmploye,AdresseEmploye,TypeEmploi,NoTelephoneEmploye,NasEmploye,DateNaissance,IdentifiantEmploye,MdpEmploye,CodeHotel) VALUES ('Hikkins'		,'Amélia'	,'F','1445 Orange'			,'Gerance'  ,'(600)-468-1425','016-000-106','1990-12-25','HikAm001','AH010801','HRN')
GO


PRINT('Chargement Approvisionnement.tblCommande')
GO
INSERT INTO Approvisionnement.tblCommande (dateCommande, statutCommande, prixTotal, DateRecu, codeFournisseur, NoEmploye)VALUES ('2014-09-11','CO',200.00,NULL,'101',1000)
INSERT INTO Approvisionnement.tblCommande (dateCommande, statutCommande, prixTotal, DateRecu, codeFournisseur, NoEmploye)VALUES ('2014-09-10','AN',1000.00,NULL,'102',1001)
INSERT INTO Approvisionnement.tblCommande (dateCommande, statutCommande, prixTotal, DateRecu, codeFournisseur, NoEmploye)VALUES ('2013-10-21','TE',538.60,'2013-10-29','103',1002)
INSERT INTO Approvisionnement.tblCommande (dateCommande, statutCommande, prixTotal, DateRecu, codeFournisseur, NoEmploye)VALUES ('2014-11-21','CO',834.53,NULL,'104',1003)
INSERT INTO Approvisionnement.tblCommande (dateCommande, statutCommande, prixTotal, DateRecu, codeFournisseur, NoEmploye)VALUES ('2014-01-01','TE',10.00,'2014-01-07','105',1004)
GO


PRINT('Chargement Approvisionnement.tblFournitureCommande')
GO
INSERT INTO Approvisionnement.tblFournitureCommande (NoCommande, codeFourniture, quantiteCommande)VALUES (1001,'LAMP1',10)
INSERT INTO Approvisionnement.tblFournitureCommande (NoCommande, codeFourniture, quantiteCommande)VALUES (1001,'LAMP2',35)
INSERT INTO Approvisionnement.tblFournitureCommande (NoCommande, codeFourniture, quantiteCommande)VALUES (1002,'DRA1',25)
INSERT INTO Approvisionnement.tblFournitureCommande (NoCommande, codeFourniture, quantiteCommande)VALUES (1003,'TBB1',100)
INSERT INTO Approvisionnement.tblFournitureCommande (NoCommande, codeFourniture, quantiteCommande)VALUES (1004,'TAB1',60)
INSERT INTO Approvisionnement.tblFournitureCommande (NoCommande, codeFourniture, quantiteCommande)VALUES (1002,'TAB2',101)
INSERT INTO Approvisionnement.tblFournitureCommande (NoCommande, codeFourniture, quantiteCommande)VALUES (1003,'LAMP3',25)
INSERT INTO Approvisionnement.tblFournitureCommande (NoCommande, codeFourniture, quantiteCommande)VALUES (1002,'TEL1',15)
INSERT INTO Approvisionnement.tblFournitureCommande (NoCommande, codeFourniture, quantiteCommande)VALUES (1000,'TLV1',1)
GO


PRINT('Chargement Personnel.tblChiffreTravail')
GO
INSERT INTO Personnel.tblChiffreTravail(DateChiffre,HeureDebut,HeureFin,NoEmploye) VALUES ('2014-08-05','08:00:00','16:00:00','1011')--test diff dept et hotel
INSERT INTO Personnel.tblChiffreTravail(DateChiffre,HeureDebut,HeureFin,NoEmploye) VALUES ('2014-08-05','08:00:00','16:00:00','1012')--test diff dept et hotel
INSERT INTO Personnel.tblChiffreTravail(DateChiffre,HeureDebut,HeureFin,NoEmploye) VALUES ('2014-08-05','08:00:00','16:00:00','1016')--test diff dept et hotel
INSERT INTO Personnel.tblChiffreTravail(DateChiffre,HeureDebut,HeureFin,NoEmploye) VALUES ('2014-08-05','08:00:00','16:00:00','1017')--test diff dept et hotel
INSERT INTO Personnel.tblChiffreTravail(DateChiffre,HeureDebut,HeureFin,NoEmploye) VALUES ('2014-08-10','10:00:00','18:00:00','1013')
INSERT INTO Personnel.tblChiffreTravail(DateChiffre,HeureDebut,HeureFin,NoEmploye) VALUES ('2014-08-15','11:30:00','15:30:00','1014')
INSERT INTO Personnel.tblChiffreTravail(DateChiffre,HeureDebut,HeureFin,NoEmploye) VALUES ('2014-08-25','09:30:00','17:30:00','1015')
INSERT INTO Personnel.tblChiffreTravail(DateChiffre,HeureDebut,HeureFin,NoEmploye) VALUES ('2014-09-05','08:00:00','16:00:00','1016')--test meme dept et hotel
INSERT INTO Personnel.tblChiffreTravail(DateChiffre,HeureDebut,HeureFin,NoEmploye) VALUES ('2014-09-05','08:00:00','16:00:00','1017')--test meme dept et hotel
INSERT INTO Personnel.tblChiffreTravail(DateChiffre,HeureDebut,HeureFin,NoEmploye) VALUES ('2014-09-05','08:00:00','16:00:00','1018')--test meme dept et hotel
INSERT INTO Personnel.tblChiffreTravail(DateChiffre,HeureDebut,HeureFin,NoEmploye) VALUES ('2014-09-05','08:00:00','16:00:00','1019')--test meme dept et hotel
INSERT INTO Personnel.tblChiffreTravail(DateChiffre,HeureDebut,HeureFin,NoEmploye) VALUES ('2014-10-01','08:30:00','16:30:00','1020')
INSERT INTO Personnel.tblChiffreTravail(DateChiffre,HeureDebut,HeureFin,NoEmploye) VALUES ('2014-10-10','08:30:00','16:30:00','1021')
INSERT INTO Personnel.tblChiffreTravail(DateChiffre,HeureDebut,HeureFin,NoEmploye) VALUES ('2014-10-20','08:00:00','20:00:00','1022')
INSERT INTO Personnel.tblChiffreTravail(DateChiffre,HeureDebut,HeureFin,NoEmploye) VALUES ('2014-10-30','08:00:00','18:00:00','1023')
INSERT INTO Personnel.tblChiffreTravail(DateChiffre,HeureDebut,HeureFin,NoEmploye) VALUES ('2014-11-05','20:00:00','06:00:00','1024')
INSERT INTO Personnel.tblChiffreTravail(DateChiffre,HeureDebut,HeureFin,NoEmploye) VALUES ('2014-11-06','18:00:00','03:00:00','1025')
INSERT INTO Personnel.tblChiffreTravail(DateChiffre,HeureDebut,HeureFin,NoEmploye) VALUES ('2014-11-07','16:00:00','23:00:00','1026')
INSERT INTO Personnel.tblChiffreTravail(DateChiffre,HeureDebut,HeureFin,NoEmploye) VALUES ('2014-12-03','10:00:00','18:00:00','1027')
INSERT INTO Personnel.tblChiffreTravail(DateChiffre,HeureDebut,HeureFin,NoEmploye) VALUES ('2014-12-23','10:00:00','18:00:00','1028')
INSERT INTO Personnel.tblChiffreTravail(DateChiffre,HeureDebut,HeureFin,NoEmploye) VALUES ('2014-12-22','08:00:00','16:00:00','1011')--test meme dept et diff hotel
INSERT INTO Personnel.tblChiffreTravail(DateChiffre,HeureDebut,HeureFin,NoEmploye) VALUES ('2014-12-22','08:00:00','16:00:00','1016')--test meme dept et diff hotel
INSERT INTO Personnel.tblChiffreTravail(DateChiffre,HeureDebut,HeureFin,NoEmploye) VALUES ('2015-01-02','11:00:00','16:00:00','1029')
INSERT INTO Personnel.tblChiffreTravail(DateChiffre,HeureDebut,HeureFin,NoEmploye) VALUES ('2015-01-05','14:00:00','16:00:00','1030')
INSERT INTO Personnel.tblChiffreTravail(DateChiffre,HeureDebut,HeureFin,NoEmploye) VALUES ('2015-01-09','06:00:00','16:00:00','1031')
GO


PRINT('Chargement Personnel.tblEntretienFourniture')
GO
INSERT INTO Personnel.tblEntretienFourniture(CodeFourniture,NoEmploye,EtatFourniture,CommentaireFourniture)	VALUES ('CIN1','1009','Bon',NULL)
INSERT INTO Personnel.tblEntretienFourniture(CodeFourniture,NoEmploye,EtatFourniture,CommentaireFourniture)	VALUES ('JAC1','1008','Bon',NULL)
INSERT INTO Personnel.tblEntretienFourniture(CodeFourniture,NoEmploye,EtatFourniture,CommentaireFourniture)	VALUES ('FAU1','1009','Bon',NULL)
INSERT INTO Personnel.tblEntretienFourniture(CodeFourniture,NoEmploye,EtatFourniture,CommentaireFourniture)	VALUES ('PGN2','1009','à remplacer','test 4')
INSERT INTO Personnel.tblEntretienFourniture(CodeFourniture,NoEmploye,EtatFourniture,CommentaireFourniture)	VALUES ('LAMP1','1014','Bon',NULL)
INSERT INTO Personnel.tblEntretienFourniture(CodeFourniture,NoEmploye,EtatFourniture,CommentaireFourniture)	VALUES ('LAMP2','1015','Bon',NULL)
INSERT INTO Personnel.tblEntretienFourniture(CodeFourniture,NoEmploye,EtatFourniture,CommentaireFourniture)	VALUES ('DRA1','1014','Bon',NULL)
INSERT INTO Personnel.tblEntretienFourniture(CodeFourniture,NoEmploye,EtatFourniture,CommentaireFourniture)	VALUES ('TBB1','1015','Bon',NULL)
INSERT INTO Personnel.tblEntretienFourniture(CodeFourniture,NoEmploye,EtatFourniture,CommentaireFourniture)	VALUES ('TAB1','1014','Remplacé','test 5')
INSERT INTO Personnel.tblEntretienFourniture(CodeFourniture,NoEmploye,EtatFourniture,CommentaireFourniture)	VALUES ('TAB2','1015','à remplacer','test 6') 
INSERT INTO Personnel.tblEntretienFourniture(CodeFourniture,NoEmploye,EtatFourniture,CommentaireFourniture)	VALUES ('LAMP3','1014','Bon',NULL)
INSERT INTO Personnel.tblEntretienFourniture(CodeFourniture,NoEmploye,EtatFourniture,CommentaireFourniture)	VALUES ('TEL1','1015','Bon',NULL)
INSERT INTO Personnel.tblEntretienFourniture(CodeFourniture,NoEmploye,EtatFourniture,CommentaireFourniture)	VALUES ('TLV1','1014','Bon',NULL)
INSERT INTO Personnel.tblEntretienFourniture(CodeFourniture,NoEmploye,EtatFourniture,CommentaireFourniture)	VALUES ('TVL2','1015','à remlacer','test 7')
INSERT INTO Personnel.tblEntretienFourniture(CodeFourniture,NoEmploye,EtatFourniture,CommentaireFourniture)	VALUES ('RDX1','1014','Remplacé',NULL)
INSERT INTO Personnel.tblEntretienFourniture(CodeFourniture,NoEmploye,EtatFourniture,CommentaireFourniture)	VALUES ('RDX2','1015','Bon',NULL)
INSERT INTO Personnel.tblEntretienFourniture(CodeFourniture,NoEmploye,EtatFourniture,CommentaireFourniture)	VALUES ('AMP1','1014','à remplacer',NULL)
INSERT INTO Personnel.tblEntretienFourniture(CodeFourniture,NoEmploye,EtatFourniture,CommentaireFourniture)	VALUES ('AMP2','1015','Bon',NULL)
INSERT INTO Personnel.tblEntretienFourniture(CodeFourniture,NoEmploye,EtatFourniture,CommentaireFourniture)	VALUES ('CHS1','1014','Bon',NULL)
INSERT INTO Personnel.tblEntretienFourniture(CodeFourniture,NoEmploye,EtatFourniture,CommentaireFourniture)	VALUES ('CHS2','1015','Bon',NULL)
INSERT INTO Personnel.tblEntretienFourniture(CodeFourniture,NoEmploye,EtatFourniture,CommentaireFourniture)	VALUES ('TPS1','1014','Bon',NULL)
INSERT INTO Personnel.tblEntretienFourniture(CodeFourniture,NoEmploye,EtatFourniture,CommentaireFourniture)	VALUES ('TPS2','1015','Bon',NULL)
INSERT INTO Personnel.tblEntretienFourniture(CodeFourniture,NoEmploye,EtatFourniture,CommentaireFourniture)	VALUES ('COU1','1014','Bon','test 8')
INSERT INTO Personnel.tblEntretienFourniture(CodeFourniture,NoEmploye,EtatFourniture,CommentaireFourniture)	VALUES ('ORL1','1015','Bon',NULL)
INSERT INTO Personnel.tblEntretienFourniture(CodeFourniture,NoEmploye,EtatFourniture,CommentaireFourniture)	VALUES ('ORL2','1014','Bon',NULL)
INSERT INTO Personnel.tblEntretienFourniture(CodeFourniture,NoEmploye,EtatFourniture,CommentaireFourniture)	VALUES ('COR1','1015','Bon',NULL)
INSERT INTO Personnel.tblEntretienFourniture(CodeFourniture,NoEmploye,EtatFourniture,CommentaireFourniture)	VALUES ('COR2','1014','Bon',NULL)
INSERT INTO Personnel.tblEntretienFourniture(CodeFourniture,NoEmploye,EtatFourniture,CommentaireFourniture)	VALUES ('CML1','1015','Remplacé',NULL)
INSERT INTO Personnel.tblEntretienFourniture(CodeFourniture,NoEmploye,EtatFourniture,CommentaireFourniture)	VALUES ('COV1','1014','Bon',NULL)
INSERT INTO Personnel.tblEntretienFourniture(CodeFourniture,NoEmploye,EtatFourniture,CommentaireFourniture)	VALUES ('GLD1','1015','Bon',NULL)
INSERT INTO Personnel.tblEntretienFourniture(CodeFourniture,NoEmploye,EtatFourniture,CommentaireFourniture)	VALUES ('GLD2','1014','Bon',NULL)
INSERT INTO Personnel.tblEntretienFourniture(CodeFourniture,NoEmploye,EtatFourniture,CommentaireFourniture)	VALUES ('SHP1','1015','Bon',NULL)
INSERT INTO Personnel.tblEntretienFourniture(CodeFourniture,NoEmploye,EtatFourniture,CommentaireFourniture)	VALUES ('LOT1','1014','Bon',NULL)
INSERT INTO Personnel.tblEntretienFourniture(CodeFourniture,NoEmploye,EtatFourniture,CommentaireFourniture)	VALUES ('LOT2','1015','Bon',NULL)
INSERT INTO Personnel.tblEntretienFourniture(CodeFourniture,NoEmploye,EtatFourniture,CommentaireFourniture)	VALUES ('SRV1','1014','Bon','test 9')
INSERT INTO Personnel.tblEntretienFourniture(CodeFourniture,NoEmploye,EtatFourniture,CommentaireFourniture)	VALUES ('SRV2','1015','Bon',NULL)
INSERT INTO Personnel.tblEntretienFourniture(CodeFourniture,NoEmploye,EtatFourniture,CommentaireFourniture)	VALUES ('SRV3','1014','Bon',NULL)
INSERT INTO Personnel.tblEntretienFourniture(CodeFourniture,NoEmploye,EtatFourniture,CommentaireFourniture)	VALUES ('SRV4','1015','à remplacer',NULL)
INSERT INTO Personnel.tblEntretienFourniture(CodeFourniture,NoEmploye,EtatFourniture,CommentaireFourniture)	VALUES ('THE1','1014','Remplacé',NULL)
INSERT INTO Personnel.tblEntretienFourniture(CodeFourniture,NoEmploye,EtatFourniture,CommentaireFourniture)	VALUES ('TAS1','1015','Bon',NULL)
INSERT INTO Personnel.tblEntretienFourniture(CodeFourniture,NoEmploye,EtatFourniture,CommentaireFourniture)	VALUES ('TAS2','1014','Bon',NULL)
INSERT INTO Personnel.tblEntretienFourniture(CodeFourniture,NoEmploye,EtatFourniture,CommentaireFourniture)	VALUES ('CAF1','1015','Bon',NULL)
INSERT INTO Personnel.tblEntretienFourniture(CodeFourniture,NoEmploye,EtatFourniture,CommentaireFourniture)	VALUES ('LPD1','1014','Bon',NULL)
INSERT INTO Personnel.tblEntretienFourniture(CodeFourniture,NoEmploye,EtatFourniture,CommentaireFourniture)	VALUES ('LPD2','1015','Bon',NULL)
INSERT INTO Personnel.tblEntretienFourniture(CodeFourniture,NoEmploye,EtatFourniture,CommentaireFourniture)	VALUES ('PRL1','1014','Bon',NULL) 
INSERT INTO Personnel.tblEntretienFourniture(CodeFourniture,NoEmploye,EtatFourniture,CommentaireFourniture)	VALUES ('PTL1','1015','Bon',NULL)
INSERT INTO Personnel.tblEntretienFourniture(CodeFourniture,NoEmploye,EtatFourniture,CommentaireFourniture)	VALUES ('PTL2','1014','Bon',NULL)
INSERT INTO Personnel.tblEntretienFourniture(CodeFourniture,NoEmploye,EtatFourniture,CommentaireFourniture)	VALUES ('PTS1','1015','Bon',NULL)
INSERT INTO Personnel.tblEntretienFourniture(CodeFourniture,NoEmploye,EtatFourniture,CommentaireFourniture)	VALUES ('VRR1','1014','Bon',NULL)
INSERT INTO Personnel.tblEntretienFourniture(CodeFourniture,NoEmploye,EtatFourniture,CommentaireFourniture)	VALUES ('VRR2','1015','Bon',NULL)
INSERT INTO Personnel.tblEntretienFourniture(CodeFourniture,NoEmploye,EtatFourniture,CommentaireFourniture)	VALUES ('SCH1','1014','Bon',NULL)
INSERT INTO Personnel.tblEntretienFourniture(CodeFourniture,NoEmploye,EtatFourniture,CommentaireFourniture)	VALUES ('POU1','1015','à remplacer',NULL)
INSERT INTO Personnel.tblEntretienFourniture(CodeFourniture,NoEmploye,EtatFourniture,CommentaireFourniture)	VALUES ('POU2','1014','Remplacé',NULL)
INSERT INTO Personnel.tblEntretienFourniture(CodeFourniture,NoEmploye,EtatFourniture,CommentaireFourniture)	VALUES ('CIN1','1015','Bon',NULL)
INSERT INTO Personnel.tblEntretienFourniture(CodeFourniture,NoEmploye,EtatFourniture,CommentaireFourniture)	VALUES ('JAC1','1014','Bon',NULL)
INSERT INTO Personnel.tblEntretienFourniture(CodeFourniture,NoEmploye,EtatFourniture,CommentaireFourniture)	VALUES ('FAU1','1015','Bon','test 10')
INSERT INTO Personnel.tblEntretienFourniture(CodeFourniture,NoEmploye,EtatFourniture,CommentaireFourniture)	VALUES ('PGN1','1014','Bon',NULL)
INSERT INTO Personnel.tblEntretienFourniture(CodeFourniture,NoEmploye,EtatFourniture,CommentaireFourniture)	VALUES ('PGN2','1015','à remplacer',NULL)
GO
